structure_nameTraditional,cas,cid,smiles
Lamivudine,134678-17-4,60825,C1[C@H](O[C@H](S1)CO)N2C=CC(=NC2=O)N
"1-Methyl-6-oxo-1,6-dihydropyridine-3-carbonitrile",768-45-6,69851,CN1C=C(C=CC1=O)C#N
Ricinine,524-40-3,10666,CN1C=CC(=C(C1=O)C#N)OC
Zidovudine,30516-87-1,35370,CC1=CN(C(=O)NC1=O)[C@H]2C[C@@H]([C@H](O2)CO)N=[N+]=[N-]
"4-Amino-1-((2S,3S,4R,5S)-3,4-dihydroxy-5-(hydroxymethyl)tetrahydrofuran-2-yl)pyrimidin-2(1H)-one",26524-60-7,122948,C1=CN(C(=O)N=C1N)[C@@H]2[C@H]([C@H]([C@@H](O2)CO)O)O
Cytidine,65-46-3,6175,Nc1ccn([C@@H]2O[C@H](CO)[C@@H](O)[C@H]2O)c(=O)n1
2-Fluorohistamine,50581-18-5,567878,C1=C(NC(=N1)F)CCN
Thymidine,50-89-5,5789,CC1=CN(C(=O)NC1=O)[C@H]2C[C@@H]([C@H](O2)CO)O
"4-Methoxy-2-oxo-1,2-dihydropyridine-3-carbonitrile",21642-98-8,2786702,COC1=C(C(=O)NC=C1)C#N
Thiamine,70-16-6,1130,Cc1ncc(C[n+]2csc(CCO)c2C)c(=N)[nH]1
Mallorepine,767-98-6,13027,CN1C=CC(=O)C(=C1)C#N
4-Amino-5-hydroxymethyl-2-methylpyrimidine,73-67-6,777,CC1=NC=C(C(=N1)N)CO
"6-Hydroxymethyl-7,8-dihydropterin",3672-03-5,135398568,C1C(=NC2=C(N1)NC(=NC2=O)N)CO
2-(Pyridin-3-yl)piperidine-1-carbaldehyde,2591-83-5,55250656,O=CN1CCCCC1C=2C=NC=CC2
Cytisine-12-carboxyethyl ester,132216-16-1,11065243,CCOC(=O)N1C[C@@H]2C[C@H](C1)c1cccc(=O)n1C2
5'-Deoxy-5'-methylthioadenosine,2457-80-9,439176,CSC[C@@H]1[C@H]([C@H]([C@@H](O1)N2C=NC3=C2N=CN=C3N)O)O
5-Methylcytosine,554-01-8,65040,CC1=C(NC(=O)N=C1)N
5-Methyluridine,1463-10-1,445408,CC1=CN(C(=O)NC1=O)[C@H]2[C@@H]([C@@H]([C@H](O2)CO)O)O
Pilocarpidine,127-67-3,101603,CC[C@H]1[C@H](COC1=O)CC2=CN=CN2
Cotinine,486-56-6,854019,CN1[C@@H](CCC1=O)C2=CN=CC=C2
Pilocarpine,92-13-7,5910,CC[C@H]1[C@H](COC1=O)CC2=CN=CN2C
2'-Deoxyuridine,951-78-0,13712,C1[C@@H]([C@H](O[C@H]1N2C=CC(=O)NC2=O)CO)O
(-)-N-Formylcytisine,881022-37-3,179619,C1[C@H]2CN(C[C@@H]1C3=CC=CC(=O)N3C2)C=O
Nicotinamide riboside,1341-23-7,439924,C1=CC(=C[N+](=C1)[C@H]2[C@@H]([C@@H]([C@H](O2)CO)O)O)C(=O)N
5-Aminoimidazole-4-carboxamide,360-97-4,9679,C1=NC(=C(N1)C(=O)N)N
Funebral,105708-56-3,147089,C[C@H]1[C@@H](OC(=O)[C@H]1N2C(=CC=C2C=O)CO)C
Mamanine,60394-92-5,3085182,C1CCN2C[C@@H](C[C@@H]([C@H]2C1)CO)C3=CC=CC(=O)N3
(-)-Cytisine,15191-27-2,683511,O=C1C=CC=C2[C@@H]3CNC[C@@H](C3)CN12
Cytisine,485-35-8,10235,C1[C@H]2CNC[C@@H]1C3=CC=CC(=O)N3C2
"1,2,3,4,5,6-Hexahydro-1,5-methano-pyrido[1,2-a][1,5]diazocin-8-one",55821-72-2,683511,O=c1cccc2n1C[C@H]1CNC[C@@H]2C1
Nicotine N-oxide,2820-55-5,211457,CN1CCC[C@H]1C2=C[N+](=CC=C2)[O-]
2-Isopropyl-6-methyl-4-pyrimidone,2814-20-2,135444498,CC1=CC(=O)N=C(N1)C(C)C
(S)-1-Acetyl-2-(3-pyridinyl)pyrrolidine,5979-94-2,165384,CC(=O)N1CCC[C@H]1C2=CN=CC=C2
Toyocamycin,606-58-6,11824,C1=C(C2=C(N1[C@H]3[C@@H]([C@@H]([C@H](O3)CO)O)O)N=CN=C2N)C#N
Fluorouracil,51-21-8,3385,C1=C(C(=O)NC(=O)N1)F
Isoniazid,54-85-3,3767,C1=CN=CC=C1C(=O)NN
"11-Acetyl-6-oxo-7,11-diazatricyclo[7.3.1.0<2,7>]trideca-2,4-diene",6018-52-6,927586,CC(=O)N1C[C@@H]2C[C@H](C1)c1cccc(=O)n1C2
Dihydrothymine,696-04-8,93556,CC1CNC(=O)NC1=O
Flucytosine,2022-85-7,3366,C1=NC(=O)NC(=C1F)N
N-acetylcytisine,109120-10-7,3716901,O=C1C=CC=C2N1CC3CN(C(=O)C)CC2C3
Pemolina,2152-34-3,4723,C1=CC=C(C=C1)C2C(=O)N=C(O2)N
Thiiraneacetonitrile,58130-93-1,148821,N#CCC1SC1
3-[(2S)-1-nitrosopiperidin-2-yl]pyridine,1133-64-8,7069270,C1CCN([C@@H](C1)C2=CN=CC=C2)N=O
Thiiranepropanenitrile,76786-81-7,100582,N#CCCC1SC1
N'-Nitrosoanabasine,37620-20-5,14335,C1CCN(C(C1)C2=CN=CC=C2)N=O
Pilosinine,38993-86-1,12314275,Cn1cncc1C[C@H]1COC(=O)C1
2'-Deoxyguanosine,961-07-9,135398592,C1[C@@H]([C@H](O[C@H]1N2C=NC3=C2NC(=NC3=O)N)CO)O
(-)-Anabasine,494-52-0,205586,c1cncc([C@@H]2CCCCN2)c1
Cytosine,71-30-7,597,C1=C(NC(=O)N=C1)N
N-Methylcytisine,486-86-2,12302566,CN1C[C@H]2CC(C1)CN3C2=CC=CC3=O
Anabasine,13078-04-1,2181,N=1C=CC=C(C1)C2NCCCC2
Metronidazole,443-48-1,4173,CC1=NC=C(N1CCO)[N+](=O)[O-]
Caulophylline,63699-79-6,234566,CN1CC2CC(C1)C3=CC=CC(=O)N3C2
N-Ethylcytisine,83728-92-1,16637612,CCN1C[C@@H]2C[C@H](C1)c1cccc(=O)n1C2
"Methyl (1R,5S)-1,5,6,8-tetrahydro-8-oxo-1,5-methano-2H-pyrido[1,2-a][1,5]diazocine-3(4H)-acetate",72362-05-1,6351768,COC(=O)CN1C[C@@H]2C[C@H](C1)c1cccc(=O)n1C2
3-(1-Nitrosopyrrolidin-2-yl)pyridine,80508-23-2,27919,C1CC(N(C1)N=O)C2=CN=CC=C2
(R)-3-(Pyrrolidin-2-yl)pyridine,7076-23-5,93047,C1C[C@@H](NC1)C2=CN=CC=C2
3-[(2S)-pyrrolidin-2-yl]pyridine,494-97-3,91462,C1C[C@H](NC1)C2=CN=CC=C2
1-Methylhydantoin,616-04-6,69217,CN1CC(=O)NC1=O
Nornicotine,5746-86-1,412,C1CC(NC1)C2=CN=CC=C2
2-Amino-4-methylpyridine,695-34-1,1533,CC1=CC(=NC=C1)N
Allantoin,97-59-6,204,C1(C(=O)NC(=O)N1)NC(=O)N
"Pyrrolidine-2,5-dione 2-oxime",6158-14-1,135468188,O=C1N=C(NO)CC1
Thiiranebutanenitrile,58130-94-2,148822,N#CCCCC1SC1
3-(1-Methylpyrrolidin-2-yl)pyridine,22083-74-5,942,CN1CCCC1C2=CN=CC=C2
Nicotine,54-11-5,89594,CN1CCC[C@H]1C2=CC=CN=C2
"Allantoin, (-)-",7303-80-2,439713,[C@@H]1(C(=O)NC(=O)N1)NC(=O)N
Dihydrozeatin,23599-75-9,688447,C[C@H](CCNC1=NC=NC2=C1NC=N2)CO
nicotine-1'-N-oxide,491-26-9,68107,C[N+]1(CCC[C@H]1C2=CN=CC=C2)[O-]
(S)-(+)-allantoin,3844-67-5,439714,[C@H]1(C(=O)NC(=O)N1)NC(=O)N
Smipine,52196-11-9,94549,O=CN1CCCCC1C2=NCCC2
Pilosine,13640-28-3,442869,CN1C=NC=C1C[C@H]2COC(=O)[C@H]2[C@H](C3=CC=CC=C3)O
(S)-(-)-4-tert-Butyl-2-oxazolidinone,54705-42-9,6950844,CC(C)(C)[C@H]1COC(=O)N1
Uridine,58-96-8,6029,C1=CN(C(=O)NC1=O)[C@H]2[C@@H]([C@@H]([C@H](O2)CO)O)O
Maleimide monooxime,74230-05-0,136229952,C1=CC(=O)N=C1NO
"2(3H)-Furanone, dihydro-3-((S)-hydroxyphenylmethyl)-4-((1-methyl-1H-imidazol-4-yl)methyl)-, (3S,4R)-",69460-80-6,155306,CN1C=C(N=C1)C[C@H]2COC(=O)[C@@H]2[C@@H](C3=CC=CC=C3)O
Cyclo(L-leucyl-L-leucyl),952-45-4,192731,CC(C)C[C@H]1C(=O)N[C@H](C(=O)N1)CC(C)C
Spongouridine,3083-77-0,18323,C1=CN(C(=O)NC1=O)[C@H]2[C@H]([C@@H]([C@H](O2)CO)O)O
4-(Rhamnosyloxy)phenylacetonitrile,122001-32-5,129556,C[C@H]1[C@@H]([C@H]([C@H]([C@@H](O1)OC2=CC=C(C=C2)CC#N)O)O)O
L-Thymidine,16053-52-4,1134,O=C1N=C(O)C(=CN1C2OC(CO)C(O)C2)C
1-Methyluracil,615-77-0,12009,CN1C=CC(=O)NC1=O
"(1R,5S)-3-(2-Oxopyrrolizinomethyl)-1,2,3,4,5,6-hexahydro-1,5-methano-8H-pyrido[1,2-a][1,5]diazocine-8-one",249734-07-4,10637026,O=C1CCCN1CN1C[C@@H]2C[C@H](C1)c1cccc(=O)n1C2
Ammodendrine,494-15-5,442625,CC(=O)N1CCCC(=C1)[C@H]2CCCCN2
2-Oxopyrrolidine-1-carboxamide,40451-67-0,326996,C1CC(=O)N(C1)C(=O)N
2-methyl-4-(7H-purin-6-ylamino)butan-1-ol,14894-18-9,32021,OCC(C)CCNC=1N=CNC2=NC=NC21
Thiamine phosphoric acid ester,495-23-8,3382778,CC1=C(SC=[N+]1CC2=CN=C(N=C2N)C)CCOP(=O)(O)[O-]
Ethylnornicotine,5979-92-0,201440,CCN1CCC[C@H]1C2=CN=CC=C2
"(3S,6S)-3-Methyl-6-(2-methylpropyl)piperazine-2,5-dione",24676-83-3,13879946,C[C@H]1C(=O)N[C@H](C(=O)N1)CC(C)C
4-Hydroxynicotinamide,7418-63-5,12043122,C1=CNC=C(C1=O)C(=O)N
2'-Deoxyadenosine,958-09-8,13730,C1[C@@H]([C@H](O[C@H]1N2C=NC3=C2N=CN=C3N)CO)O
"1,5-Methano-2H-pyrido[1,2-a][1,5]diazocine-3(4H)-acetic acid, 1,5,6,8-tetrahydro-8-oxo-, ethyl ester, (1R)-",99964-82-6,1801368,CCOC(=O)CN1C[C@@H]2C[C@H](C1)c1cccc(=O)n1C2
[2-[(6-Aminopurin-9-yl)methylidene]cyclopropyl]methanol,210355-01-4,471865,OCC1C(=CN2C=NC=3C(=NC=NC32)N)C1
"1,5-Methano-8H-pyrido(1,2-a)(1,5)diazocin-8-one, 1,2,3,4,5,6-hexahydro-3-methyl-4-(2-propenyl)-",33530-05-1,157031,O=C1C=CC=C2N1CC3CC2CN(C)C3CC=C
Rhombifoline,529-78-2,92795,C=CCCN1C[C@@H]2C[C@H](C1)c1cccc(=O)n1C2
"1-Methyl-6-oxo-1,6-dihydropyridine-3-carboxamide",701-44-0,69698,CN1C=C(C=CC1=O)C(=O)N
"(3S,6S)-3-[(2S)-Butan-2-YL]-6-methylpiperazine-2,5-dione",35590-69-3,71359704,CC[C@H](C)[C@H]1C(=O)N[C@H](C(=O)N1)C
"(S)-(+)-2,3-Dihydro-1H-pyrrolo[2,1-c][1,4]benzodiazepine-5,11(10H,11aH)-dione",18877-34-4,677114,O=C1c2ccccc2N=C(O)[C@@H]2CCCN12
Guanine,73-40-5,135398634,C1=NC2=C(N1)C(=O)N=C(N2)N
"(1S,9S,10R,12S)-12-hydroxy-7,15-diazatetracyclo[7.7.1.02,7.010,15]heptadeca-2,4-dien-6-one",732-50-3,131676079,O=c1cccc2n1C[C@@H]1C[C@H]2CN2CC[C@H](O)C[C@H]12
3-sec-Butyl-2-methoxy-5-methylpyrazine,94344-70-4,15590167,N=1C=C(N=C(C1OC)C(C)CC)C
Epilotaustralin,55758-42-4,185818,CC[C@@](C)(C#N)O[C@H]1[C@@H]([C@H]([C@@H]([C@H](O1)CO)O)O)O
"(1R,9R,10R)-11-methyl-10-prop-2-enyl-7,11-diazatricyclo[7.3.1.02,7]trideca-2,4-dien-6-one",33023-11-9,102247462,C=CC[C@@H]1[C@@H]2C[C@H](CN1C)c1cccc(=O)n1C2
Lotaustralin,534-67-8,441467,CC[C@](C)(C#N)O[C@H]1[C@@H]([C@H]([C@@H]([C@H](O1)CO)O)O)O
Cyclo(L-leucyl-L-phenylalanyl),7280-77-5,7076347,CC(C)C[C@H]1C(=O)N[C@H](C(=O)N1)CC2=CC=CC=C2
cyclo(L-isoleucyl-L-isoleucyl),35712-77-7,7076240,CC[C@H](C)[C@H]1C(=O)N[C@H](C(=O)N1)[C@@H](C)CC
2-Isobutyl-3-methoxypyrazine,24683-00-9,32594,CC(C)CC1=NC=CN=C1OC
Thymine,65-71-4,1135,CC1=CNC(=O)NC1=O
Peramine,102482-94-0,114748,O=C1C2=CC=CN2C=C(N1C)CCCNC(=N)N
3-Isopropyl-2-methoxy-5-methylpyrazine,32021-41-3,15590168,CC1=CN=C(C(=N1)C(C)C)OC
"(1R,5S)-3-(Acetylaminomethyl)-1,2,3,4,5,6-hexahydro-1,5-methano-8H-pyrido[1,2-a][1,5]diazocine-8-one",249734-08-5,10801388,CC(O)=NCN1C[C@@H]2C[C@H](C1)c1cccc(=O)n1C2
Guanosine,118-00-3,135398635,C1=NC2=C(N1[C@H]3[C@@H]([C@@H]([C@H](O3)CO)O)O)NC(=NC2=O)N
N'-Nitrosoanatabine,71267-22-6,51291,C1C=CCN([C@@H]1C2=CN=CC=C2)N=O
Circinamide,190271-96-6,21601944,CC(C)C[C@H](N=C(O)[C@H]1O[C@@H]1C(=O)O)C(=O)N(CCCCN)CCCCN
Octyl beta-D-glucopyranoside,29836-26-8,62852,CCCCCCCCO[C@H]1[C@@H]([C@H]([C@@H]([C@H](O1)CO)O)O)O
Dihydrouracil,504-07-4,649,C1CNC(=O)NC1=O
3-Methyladenine,5142-23-4,135398661,CN1C=NC(=C2C1=NC=N2)N
Vicine,152-93-2,135413566,C([C@@H]1[C@H]([C@@H]([C@H]([C@@H](O1)OC2=C(NC(=NC2=O)N)N)O)O)O)O
N'-Methylammodendrine,52196-10-8,171125,CC(=O)N1CCCC(=C1)[C@H]2CCCCN2C
2-methyl-4-(7H-purin-6-ylamino)but-2-en-1-ol,13114-27-7,15419,CC(=CCNC1=NC=NC2=C1NC=N2)CO
Octyl glucoside,4742-80-7,548230,OCC1OC(OCCCCCCCC)C(O)C(O)C1O
5'-O-methyladenosine,20649-45-0,6480505,COC[C@H]1O[C@@H](n2cnc3c(N)ncnc32)[C@H](O)[C@@H]1O
Heterodendrin,66465-22-3,181804,CC(C)[C@@H](C#N)O[C@H]1[C@@H]([C@H]([C@@H]([C@H](O1)CO)O)O)O
"alpha-D-Glucopyranoside, decyl",29781-81-5,11088502,CCCCCCCCCCO[C@@H]1[C@@H]([C@H]([C@@H]([C@H](O1)CO)O)O)O
Crotonoside,1818-71-9,65085,C1=NC2=C(NC(=O)N=C2N1[C@H]3[C@@H]([C@@H]([C@H](O3)CO)O)O)N
Epiheterodendrin,57103-47-6,185872,CC(C)[C@H](C#N)O[C@H]1[C@@H]([C@H]([C@@H]([C@H](O1)CO)O)O)O
"Urea, N-(2-(2-oxo-1-imidazolidinyl)ethyl)-N'-phenyl-",54924-46-8,115176,C1CN(C(=O)N1)CCNC(=O)NC2=CC=CC=C2
Pantetheine,496-65-1,439322,CC(C)(CO)[C@H](C(=O)NCCC(=O)NCCS)O
"(1R,9R,10R)-7,14-diazatetracyclo[7.6.1.02,7.010,14]hexadeca-2,4-dien-6-one",58845-83-3,6352153,O=c1cccc2n1C[C@H]1C[C@@H]2CN2CCC[C@H]12
Cytosar,688007-26-3,596,N=C1N=C(O)N(C=C1)C2OC(CO)C(O)C2O
Leontidine,35721-27-8,101324718,O=c1cccc2n1C[C@H]1C[C@@H]2CN2CCC[C@@H]12
"(2S)-6-[5-[(3aS,4S,6aR)-2-oxo-1,3,3a,4,6,6a-hexahydrothieno[3,4-d]imidazol-4-yl]pentanoylamino]-2-azaniumylhexanoate",576-19-2,83814,C1[C@H]2[C@@H]([C@@H](S1)CCCCC(=O)NCCCC[C@@H](C(=O)O)N)NC(=O)N2
Brunfelsamidine,97744-98-4,176662,C1=CNC=C1C(=N)N
N6-Methyl-2'-deoxyadenosine,2002-35-9,168948,CNC1=NC=NC2=C1N=CN2[C@H]3C[C@@H]([C@H](O3)CO)O
"2(5H)-Furanone, 3-methyl-5-(2S)-2-pyrrolidinyl-, (5R)-",367941-40-0,11126653,CC1=C[C@@H](OC1=O)[C@@H]2CCCN2
Tubercidin,69-33-0,6245,C1=CN(C2=C1C(=NC=N2)N)[C@H]3[C@@H]([C@@H]([C@H](O3)CO)O)O
2-Methyl-3-nitrobenzyl alcohol,23876-13-3,90289,CC1=C(C=CC=C1[N+](=O)[O-])CO
N-[(3s)-2-Oxotetrahydrofuran-3-Yl]butanamide,67605-85-0,10130163,CCCC(=O)N[C@H]1CCOC1=O
Convicine,19286-37-4,88000,C([C@@H]1[C@H]([C@@H]([C@H]([C@@H](O1)OC2=C(NC(=O)NC2=O)N)O)O)O)O
Thiamine monophosphate,10023-48-0,1131,Cc1ncc(C[n+]2csc(CCOP(O)(O)=O)c2C)c(N)n1
Thidiazuron,51707-55-2,40087,C1=CC=C(C=C1)/N=C(\NC2=CN=NS2)/O
cyclo(L-Pro-L-Val),2854-40-2,6992261,CC(C)[C@H]1C(=O)N2CCC[C@H]2C(=O)N1
"Methyl 1-methyl-6-oxo-1,6-dihydropyridine-3-carboxylate",6375-89-9,597449,CN1C=C(C=CC1=O)C(=O)OC
6-Hydroxymethylpterin,712-29-8,135415975,C1=C(N=C2C(=N1)NC(=NC2=O)N)CO
"5-Butyl-4-methyldihydro-2(3H)-furanone, trans-(-)-",105119-22-0,11105597,CCCC[C@H]1[C@@H](CC(=O)O1)C
Myosmine,532-12-7,442649,C1CC(=NC1)C2=CN=CC=C2
cis-3-Methyl-4-octanolide,147254-32-8,41285,CCCC[C@@H]1[C@@H](CC(=O)O1)C
Prulaurasin,138-53-4,120639,C1=CC=C(C=C1)C(C#N)O[C@H]2[C@@H]([C@H]([C@@H]([C@H](O2)CO)O)O)O
"(3S,8aS)-3-Isobutylhexahydropyrrolo[1,2-a]pyrazine-1,4-dione",5654-86-4,7074739,CC(C)C[C@H]1C(=O)N2CCC[C@H]2C(=O)N1
Allopurinol,315-30-0,135401907,C1=C2C(=NC=NC2=O)NN1
Prunasin,99-18-3,119033,C1=CC=C(C=C1)[C@H](C#N)O[C@H]2[C@@H]([C@H]([C@@H]([C@H](O2)CO)O)O)O
Osmaronin,160551-60-0,11032594,C/C(=C/C#N)CO[C@@H]1O[C@H](CO)[C@@H](O)[C@H](O)[C@H]1O
Sambunigrin,99-19-4,91434,C1=CC=C(C=C1)[C@@H](C#N)O[C@H]2[C@@H]([C@H]([C@@H]([C@H](O2)CO)O)O)O
Aminoglutethimide,125-84-8,2145,CCC1(CCC(=O)NC1=O)C2=CC=C(C=C2)N
"1,3-Oxazolidine-2-thione",5840-81-3,2733223,C1COC(=S)N1
(3-Methoxyphenyl)acetonitrile,19924-43-7,88310,COC1=CC=CC(=C1)CC#N
"(1R,5S)-3-(3-Oxo-butyl)-1,2,3,4,5,6-hexahydro-1,5-methano-pyrido[1,2-a][1,5]diazocin-8-one",64408-08-8,44398032,CC(=O)CCN1C[C@@H]2C[C@H](C1)c1cccc(=O)n1C2
Nicotinamide,98-92-0,936,C1=CC(=CN=C1)C(=O)N
"2-Methylpyrido[3,2-d]pyrimidin-4(3H)-one",3303-26-2,135703359,O=C1NC(=NC=2C=CC=NC21)C
Adenine,73-24-5,190,C1=NC2=C(N1)C(=NC=N2)N
Baptifoline acetate,77077-09-9,156996,O=C(OC1CCN2CC3C4=CC=CC(=O)N4CC(C3)C2C1)C
Niazidin,198969-42-5,11792427,C[C@@H]1O[C@@H](Oc2ccc(CN=C(S)OC#N)cc2)[C@H](O)[C@H](O)[C@H]1O
Pterin,2236-60-4,135398660,C1=CN=C2C(=N1)C(=O)N=C(N2)N
5'-S-[(3S)-3-azaniumyl-3-carboxylatopropyl]-5'-thioadenosine,979-92-0,439155,C1=NC2=C(C(=N1)N)N=CN2[C@H]3[C@@H]([C@@H]([C@H](O3)CSCC[C@@H](C(=O)O)N)O)O
3-Methoxypyridin-4-OL,62885-41-0,186643,COC1=CNC=CC1=O
5-amino-6-(D-ribitylamino)uracil,17014-74-3,193516,C([C@@H]([C@@H]([C@@H](CO)O)O)O)NC1=C(C(=O)NC(=O)N1)N
"(3R)-1,2,3,9-tetrahydropyrrolo[2,1-b]quinazolin-3-ol",18549-38-7,442929,C1CN2CC3=CC=CC=C3N=C2[C@@H]1O
Vasicine,6159-55-3,667496,C1CN2CC3=CC=CC=C3N=C2[C@H]1O
Uracil,66-22-8,1174,C1=CNC(=O)NC1=O
2-sec-Butyl-3-methoxypyrazine,24168-70-5,520098,CCC(C)C1=NC=CN=C1OC
Adenosine,58-61-7,60961,C1=NC2=C(C(=N1)N)N=CN2[C@H]3[C@@H]([C@@H]([C@H](O3)CO)O)O
Vidarabine,5536-17-4,21704,C1=NC2=C(C(=N1)N)N=CN2[C@H]3[C@H]([C@@H]([C@H](O3)CO)O)O
Alchorneine,28340-21-8,217611,CC(=C)[C@@H]1CN2C=CC(N=C2N1OC)(C)C
"5H-pyrrolo[3,2-d]pyrimidin-4-amine",2227-98-7,5287565,C1=CNC2=C1N=CN=C2N
"1,1,5-Trimethylfuro[3,4-c]pyridine-3,4-dione",129748-28-3,379803,CC1(C2=C(C(=O)N(C=C2)C)C(=O)O1)C
Deidaclin,88824-26-4,73604,C1C[C@@](C=C1)(C#N)O[C@H]2[C@@H]([C@H]([C@@H]([C@H](O2)CO)O)O)O
"Histamine, N-benzoyl-",29677-71-2,565505,C1=CC=C(C=C1)C(=O)NCCC2=CN=CN2
DL-Goitrin,13190-34-6,3034683,C=CC1CNC(=S)O1
(+)-Thermopsine,53584-33-1,682648,C1CCN2C[C@@H]3C[C@H]([C@H]2C1)CN4C3=CC=CC4=O
4-Methylpyrimidine,3438-46-8,18922,CC1=NC=NC=C1
trans-Zeatin,1637-39-4,449093,C/C(=C\CNC1=NC=NC2=C1NC=N2)/CO
Epigoitrin,1072-93-1,3032313,C=C[C@@H]1CNC(=S)O1
Anagyrine,486-89-5,442938,C1CCN2C[C@@H]3C[C@@H]([C@H]2C1)CN4C3=CC=CC4=O
Thermospine,486-90-8,638234,C1CCN2C[C@H]3C[C@@H]([C@@H]2C1)CN4C3=CC=CC4=O
Goitrin,500-12-9,7568320,C=C[C@H]1CNC(=S)O1
"Benzeneacetamide, 4-((3-methylbutyl)amino)-",123690-75-5,180201,CC(C)CCNC1=CC=C(C=C1)CC(=O)N
2-Methoxy-3-methylpyrazine,2847-30-5,17898,CC1=NC=CN=C1OC
3-Methylpyridine 1-oxide,1003-73-2,13858,CC1=C[N+](=CC=C1)[O-]
Sarmentosin,71933-54-5,5281123,C(/C=C(/CO)\C#N)O[C@H]1[C@@H]([C@H]([C@@H]([C@H](O1)CO)O)O)O
Propylene carbonate,108-32-7,7924,CC1COC(=O)O1
6-Dimethylaminopurine,938-55-6,3134,CN(C)C1=NC=NC2=C1NC=N2
Isonicotinamide,1453-82-3,15074,C1=CN=CC=C1C(=O)N
Cyclo(L-Phe-L-Pro),3705-26-8,443440,C1C[C@H]2C(=O)N[C@H](C(=O)N2C1)CC3=CC=CC=C3
Carbendazim,10605-21-7,25429,CO/C(=N/C=1NC2=CC=CC=C2N1)/O
Volkenin,66575-40-4,181811,C1[C@H](C=C[C@]1(C#N)O[C@H]2[C@@H]([C@H]([C@@H]([C@H](O2)CO)O)O)O)O
Passicoriacin,109905-56-8,184135,C1[C@H](C=C[C@@]1(C#N)O[C@H]2[C@@H]([C@H]([C@@H]([C@H](O2)CO)O)O)O)O
"1H-Imidazole, 1-(2-methyl-1-oxo-2-propenyl)-",54060-80-9,534045,CC(=C)C(=O)N1C=CN=C1
N-Acetylimidazole,2466-76-4,17174,CC(=O)N1C=CN=C1
(+)-Dihydrokawain-5-ol,52247-81-1,10944777,COC1=CC(=O)O[C@@H](CCc2ccccc2)[C@H]1O
Tetraphyllin B,34323-07-4,15596190,N#C[C@@]1(O[C@@H]2O[C@H](CO)[C@@H](O)[C@H](O)[C@H]2O)C=C[C@@H](O)C1
Jasminine,19634-30-1,442551,C[C@H]1C2=C(CC(=O)N1)C(=CN=C2)C(=O)OC
Thiophene-2-carbonitrile,1003-31-2,66087,C1=CSC(=C1)C#N
4-Methylthiobutylthio-urea,7431-78-9,112692969,N=C(S)NCCCCSC
"2-(Hydroxymethyl)-5-[6-[(4-hydroxy-3-methylbutyl)amino]purin-9-yl]oxolane-3,4-diol",22663-55-4,533555,OCC1OC(N2C=NC=3C(=NC=NC32)NCCC(C)CO)C(O)C1O
"(2S,2'R,5'S)-Lilac aldehyde",53447-48-6,16667664,C[C@H](C=O)[C@H]1CC[C@@](O1)(C)C=C
Sophoramine,6882-66-2,169014,C1C[C@H]2CN3C(=O)C=CC=C3[C@@H]4[C@H]2N(C1)CCC4
Lilac aldehyde A,53447-46-4,5462398,C[C@@H](C=O)[C@@H]1CC[C@@](O1)(C)C=C
"N,N-Dimethylhistamine",673-46-1,12656,CN(C)CCC1=CN=CN1
3-Methoxypyridine,7295-76-3,23719,COC1=CN=CC=C1
"5-Hydroxy-4-methoxy-1-methylpyridine-2,6(1H,3H)-dione",92446-30-5,338913,CN1C(=O)CC(=C(C1=O)O)OC
"1,2,3,6-Tetrahydro-2,3'-bipyridine",2743-90-0,261474,N=1C=CC=C(C1)C2NCC=CC2
Theophylline,58-55-9,2153,CN1C2=C(C(=O)N(C1=O)C)NC=N2
Allixin,125263-70-9,86374,CCCCCC1=C(C(=O)C(=C(O1)C)OC)O
2-Hydroxypyridine,142-08-5,8871,C1=CC(=O)NC=C1
Enicoflavine,56050-08-9,5281564,C=CC(C=O)C\1(CCOC(=O)/C1=C/N)O
Lilac aldehyde,81967-88-6,155007,CC(C=O)C1CCC(O1)(C)C=C
Chysine B,34951-60-5,11240842,CCOC(=O)[C@@H]1CCN2[C@@H]1CCC2
"1H-Pyrrole-1-butanoic acid, 2-formyl-5-(methoxymethyl)-, methyl ester",550348-26-0,10911621,COCC1=CC=C(N1CCCC(=O)OC)C=O
3-Methylxanthine,1076-22-8,70639,CN1C2=C(C(=O)NC1=O)NC=N2
"Pentanenitrile, 5-(methylsulfinyl)-",61121-66-2,543743,N#CCCCC[S+]([O-])C
Methylthioadenosine sulfoxide,3387-65-3,165114,C[S+]([O-])C[C@H]1O[C@@H](n2cnc3c(N)ncnc32)[C@H](O)[C@@H]1O
"alpha-L-Mannopyranoside, 4-(isothiocyanatomethyl)phenyl 6-deoxy-",73255-40-0,153557,C[C@@H]1O[C@@H](Oc2ccc(CN=C=S)cc2)[C@H](O)[C@H](O)[C@H]1O
Anibine,643-91-4,249887,COC1=CC(=O)OC(=C1)C2=CN=CC=C2
Gamma-nonalactone,104-61-0,7710,CCCCCC1CCC(=O)O1
Anatabine,581-49-7,11388,C1C=CCN[C@@H]1C2=CN=CC=C2
2-Isopropyl-3-methoxypyrazine,25773-40-4,33166,CC(C)C1=NC=CN=C1OC
Oxypurinol,2465-59-0,135398752,C1=C2C(=NC(=O)NC2=O)NN1
(S)-4-Nonanolide,63357-97-1,441574,CCCCC[C@H]1CCC(=O)O1
(3-endo)-8-Azabicyclo[3.2.1]oct-3-yl 3-methylbutanoate,500-58-3,12314490,CC(C)CC(=O)O[C@@H]1C[C@@H]2CC[C@H](C1)N2
Entadamide B,110225-60-0,3035981,CSC(CC(=O)NCCO)SC
2-(4-methoxy-1H-indol-3-yl)acetonitrile,4837-74-5,119406,COC1=CC=CC2=C1C(=CN2)CC#N
N-Acetylloline,4914-36-7,24905419,CC(=O)N(C)[C@@H]1[C@H]2[C@@H]3CCN2C[C@H]1O3
delta-Decalactone,705-86-2,12810,CCCCCC1CCCC(=O)O1
7-Isopropyl-4-methyloxepan-2-one,499-54-7,62349,CC1CCC(OC(=O)C1)C(C)C
"(3R,4R)-3-[(2R)-1-methylpyrrolidin-2-yl]dithiolan-4-ol",121702-91-8,180066,CN1CCC[C@@H]1[C@@H]2[C@@H](CSS2)O
Supinine,551-58-6,108053,C[C@H]([C@@](C(C)C)(C(=O)OCC1=CCN2[C@H]1CCC2)O)O
"Pentanoic acid, 2-hydroxy-2-(1-hydroxyethyl)-3-methyl-, (hexahydro-1H-pyrrolizin-1-yl)methyl ester",68385-70-6,155104,O=C(OCC1CCN2CCCC21)C(O)(C(O)C)C(C)CC
"delta-Decalactone, (+)-",2825-91-4,1714996,CCCCC[C@@H]1CCCC(=O)O1
Amabiline,17958-43-9,442706,C[C@@H]([C@@](C(C)C)(C(=O)OCC1=CCN2[C@H]1CCC2)O)O
Malyngolide,71582-80-4,155655,CCCCCCCCC[C@]1(CC[C@H](C(=O)O1)C)CO
8-Hydroxyadenine,21149-26-8,5355054,OC1=NC=2C(=NC=NC2N1)N
"3-Benzyl-6-isopropyl-2,5-piperazinedione",14474-71-6,139766,OC1=NC(C(O)=NC1CC=2C=CC=CC2)C(C)C
Niazimicin A,147821-49-6,10247749,CCOC(S)=NCc1ccc(O[C@@H]2O[C@@H](C)[C@H](O)[C@@H](O)[C@H]2O)cc1
Bellendine,32152-73-1,442996,CC1=COC2=C(C1=O)C3CCC(C2)N3C
Furan-3-ylmethyl 1H-pyrrole-2-carboxylate,119767-00-9,189695,C1=CNC(=C1)C(=O)OCC2=COC=C2
"(2R,10S)-10-prop-2-enyl-7,11-diazatricyclo[7.3.1.02,7]tridecan-6-one",550-43-6,102004777,C=CC[C@H]1C2CC(CN1)[C@H]3CCCC(=O)N3C2
"n-(Hexahydro-1h-1,6-epoxypyrrolizin-7-yl)-n-methylformamide",38964-33-9,107859,O=CN(C)C1C2OC3CCN(C2)C31
"2-Carbamimidoyl-1,1-dimethylguanidine",657-24-9,4091,[H]/N=C(/N)\N/C(=N\[H])/N(C)C
4-Dimethylaminopyridine,1122-58-3,14284,CN(C)C1=CC=NC=C1
Isocromadurine,57495-69-9,442726,C[C@@H]1C(=O)OCC2=CCN3[C@H]2[C@@H](CC3)OC(=O)[C@@H]([C@@]1(C)O)C
2-Isobutylpyrazine,29460-92-2,34591,CC(C)CC1=NC=CN=C1
gamma-Decalactone,706-14-9,12813,CCCCCCC1CCC(=O)O1
Casimiroin,477-89-4,124075,CN1C(=O)C=C(C2=C1C3=C(C=C2)OCO3)OC
Mimosine methyl ester,60343-53-5,186729,COC(=O)[C@H](CN1C=CC(=O)C(=C1)O)N
Ethyl (methylthio)acetate,4455-13-4,78199,CCOC(=O)CSC
beta-D-Glucopyranosyl helianthenate D,152141-44-1,101652614,C=C[C@H](C#CC#CCCCC(=O)OC)O[C@@H]1O[C@H](CO)[C@@H](O)[C@H](O)[C@H]1O
1-Methylxanthine,6136-37-4,80220,CN1C(=O)C2=C(NC1=O)N=CN2
Deoxypeganine,495-59-0,442894,C1CC2=NC3=CC=CC=C3CN2C1
Methyl 2-(carbamoylamino)benzoate,2242-77-5,258711,COC(=O)C1=CC=CC=C1NC(=O)N
Yamataimine,67113-69-3,181871,CC[C@H]1C[C@H]([C@](C(=O)OCC2=CCN3[C@H]2[C@@H](CC3)OC1=O)(C)O)C
N-Acetylhystrine,52195-93-4,93270,CC(=O)N1CCCC(=C1)C2=NCCCC2
"7-Fluoro-2-methyl-6-(4-methylpiperazin-4-ium-1-yl)-10-oxo-4-oxa-1-azatricyclo[7.3.1.05,13]trideca-5(13),6,8,11-tetraene-11-carboxylate",82419-36-1,4583,CC1COC2=C3N1C=C(C(=O)C3=CC(=C2N4CCN(CC4)C)F)C(=O)O
"2-Methyl-5-[(2R,5S)-2-methyl-5-(prop-1-en-2-yl)oxolan-2-yl]furan",53093-94-0,71365377,CC1=CC=C(O1)[C@]2(CC[C@H](O2)C(=C)C)C
Paraxanthine,611-59-6,4687,CN1C=NC2=C1C(=O)N(C(=O)N2)C
Furfuryl formate,13493-97-5,556916,C1=COC(=C1)COC=O
delta-Nonalactone,3301-94-8,18698,CCCCC1CCCC(=O)O1
Zapotidine,525-84-8,12445018,S=C1N2C=NC=C2CCN1C
Phenicarbazide,103-03-7,61002,C1=CC=C(C=C1)NNC(=O)N
gamma-Octalactone,104-50-7,7704,CCCCC1CCC(=O)O1
"2-Methyl-5-[(2R,5R)-2-methyl-5-(prop-1-en-2-yl)oxolan-2-yl]furan",53093-95-1,71365376,CC1=CC=C(O1)[C@]2(CC[C@@H](O2)C(=C)C)C
Lyconnotine,6900-93-2,442487,CC(C[C@@]12[C@@H]3CCCN1CC=CC2=CC[C@H]3O)C(=O)OC
"arabino-Heptitol, 2,5-anhydro-6-C-[(1E)-2-bromoethenyl]-1,4,7-trideoxy-2-C-methyl-",176590-79-7,162866344,CC1(C)O[C@H]([C@](C)(O)/C=C/Br)C[C@@H]1O
(S)-Methylthiirane,16606-54-5,21766881,C[C@H]1CS1
4-(4'-O-Acetyl-alpha-L-rhamnosyloxy)benzaldehyde,159733-92-3,10018247,CC(=O)O[C@H]1[C@H](C)O[C@@H](Oc2ccc(C=O)cc2)[C@H](O)[C@@H]1O
Monocrotaline,315-22-0,9415,C[C@H]1C(=O)O[C@@H]2CCN3[C@@H]2C(=CC3)COC(=O)[C@]([C@]1(C)O)(C)O
Methyl N-formylanthranilate,41270-80-8,162458,COC(=O)C1=CC=CC=C1NC=O
"3-[(3aS,4R,5R,8aR)-4-hydroxy-5,7-dimethyl-3-methylidene-2-oxo-4,5,8,8a-tetrahydro-3aH-cyclohepta[b]furan-6-yl]propyl acetate",33627-41-7,442263,C[C@H]1[C@H]([C@H]2[C@@H](CC(=C1CCCOC(=O)C)C)OC(=O)C2=C)O
Riboprine,7724-76-7,24405,CC(=CCNC1=NC=NC2=C1N=CN2[C@H]3[C@@H]([C@@H]([C@H](O3)CO)O)O)C
Gentianidine,2202-12-2,362908,CC1=NC=C2C(=C1)CCOC2=O
Propylene sulfide,1072-43-1,14072,S1CC1C
Theobromine,83-67-0,5429,CN1C=NC2=C1C(=O)NC(=O)N2C
N-Acetyl-S-{[3-(methanesulfinyl)propyl]carbamothioyl}-L-cysteine,919990-34-4,71424642,CC(=O)N[C@@H](CSC(S)=NCCC[S+](C)[O-])C(=O)O
Methyl (methylthio)acetate,16630-66-3,85522,COC(=O)CSC
"4(1H)-Quinazolinone, 1-methyl-",3476-68-4,18992,CN1C=NC(=O)C2=CC=CC=C21
Norloline,4839-19-4,906672,N[C@@H]1[C@H]2[C@@H]3CCN2C[C@H]1O3
3-(3-methylbut-2-en-1-yl)-3H-purin-6-amine,10091-84-6,135438588,CC(=CCN1C=NC(=C2C1=NC=N2)N)C
Goniodiol 7-acetate,96422-53-6,126414,CC(=O)O[C@@H]([C@H]1CC=CC(=O)O1)[C@@H](C2=CC=CC=C2)O
Paniculidine B,97399-94-5,14070748,COn1cc(CC[C@@H](C)CO)c2ccccc21
Diethylene glycol monolaurate,141-20-8,67330,CCCCCCCCCCCC(=O)OCCOCCO
"Butanoic acid, 2-methyl-, 4-methoxy-2-(3-methyloxiranyl)phenyl ester",97180-28-4,545130,O=C(OC1=CC=C(OC)C=C1C2OC2C)C(C)CC
3-Methylpyridine,108-99-6,7970,CC1=CN=CC=C1
Ethyl 3-(methylthio)propionate,13327-56-5,61592,CCOC(=O)CCSC
N-(3-(Aminomethyl)benzyl)acetamidine,180001-34-7,1433,NCC1=CC=CC(=C1)C/N=C(/N)\C
"Cytisine, tetrahydro-12-methyl-",18161-95-0,565989,O=C1N2CC3CN(C)CC(C3)C2CCC1
"Methyl 1-methyl-2,7-naphthyridine-4-carboxylate",112561-62-3,11127328,CC1=NC=C(C2=C1C=NC=C2)C(=O)OC
Quinoline-3-carboxamide,6480-67-7,15561101,C1=CC=C2C(=C1)C=C(C=N2)C(=O)N
Clausenamide,103541-15-7,128412,CN1[C@@H]([C@@H]([C@H](C1=O)O)C2=CC=CC=C2)[C@@H](C3=CC=CC=C3)O
Parabanic acid,120-89-8,67126,C1(=O)C(=O)NC(=O)N1
4-Aminopyridine,504-24-5,1727,C1=CN=CC=C1N
L(+)-Ergothioneine,497-30-3,5351619,C[N+](C)(C)[C@@H](CC1=CNC(=S)N1)C(=O)[O-]
Oseltamivir,196618-13-0,65028,CCC(CC)O[C@@H]1C=C(C[C@@H]([C@H]1NC(=O)C)N)C(=O)OCC
3-Myristoyl-sn-glycerol,5309-45-5,71598539,CCCCCCCCCCCCCC(=O)OC[C@@H](CO)O
Britannilactone 1-O-acetate,681457-46-5,75528891,CC1=C([C@H]([C@H]2[C@@H](C1)OC(=O)C2=C)O)[C@@H](C)CCCOC(=O)C
Melochinine,70001-21-7,134300,CC1=C(C(=O)C=C(N1)CCCCCCCCCC[C@@H](C)O)OC
cis-Zeatin,32771-64-5,688597,C/C(=C/CNC1=NC=NC2=C1NC=N2)/CO
Ipomoeamarone,494-23-5,442379,CC(C)CC(=O)C[C@@]1(CC[C@@H](O1)C2=COC=C2)C
Ngaione,581-12-4,120744,CC(C)CC(=O)C[C@]1(CC[C@H](O1)C2=COC=C2)C
Trimethylurea,632-14-4,12435,CN(C)C(=O)NC
1-(2-Hydroxyphenyl)pyrrolidin-2-one,19734-02-2,695303,C1CC(=O)N(C1)C2=CC=CC=C2O
2-Ethyl-6-methylpyrazine,13925-03-6,26332,CCC1=NC(=CN=C1)C
Darlingine,58471-10-6,333105,CC1=C(OC2=C(C1=O)C3CCC(C2)N3C)C
Nuphacristine,119459-68-6,362093,O=CC1=CN2C(C3=COC=C3)CCC(CO)C2CC1
Ipomeamarone,11033-12-8,99899,O=C(CC(C)C)CC1(OC(C2=COC=C2)CC1)C
Harmalacidine,26579-69-1,179484,COC1=CC2=C(C=C1)C3=C(N2)C(=O)NCC3
"Butanenitrile, 4-(methylthio)-",59121-24-3,100962,CSCCCC#N
"6-Methoxy-2,3,4,9-tetrahydro-1H-beta-carbolin-1-one",17952-87-3,87372,COC1=CC2=C(C=C1)NC3=C2CCNC3=O
Lactacystin,133343-34-7,6610292,C[C@@H]1[C@@H]([C@](NC1=O)([C@H](C(C)C)O)C(=O)SC[C@@H](C(=O)O)NC(=O)C)O
"1H-Indole-3-acetonitrile, 1-methoxy-",30536-48-2,11954881,CON1C=C(C2=CC=CC=C21)CC#N
Methyl thiocyanate,556-64-9,11168,CSC#N
Hypoxanthine,68-94-0,790,C1=NC2=C(N1)C(=O)N=CN2
Unii-qvg5S7bce6,480-86-4,3083583,C[C@@H]1[C@@H]([C@@](C(=O)OC[C@@H]2CCN3[C@H]2[C@@H](CC3)OC1=O)(C)O)C
3-Cyanoindole,5457-28-3,230282,C1=CC=C2C(=C1)C(=CN2)C#N
9-Ribosylzeatin,28542-78-1,161606,CC(=CCNC1=NC=NC2=C1N=CN2[C@H]3[C@@H]([C@@H]([C@H](O3)CO)O)O)CO
"Butanoic acid, 2-hydroxy-2-(1-methoxyethyl)-3-methyl-, (2,3,5,7a-tetrahydro-1H-pyrrolizin-7-yl)methyl ester, (7aS-(7(2R*(S*)),7aR*))-",488-00-6,12310403,C[C@H]([C@@](C(C)C)(C(=O)OCC1=CCN2[C@H]1CCC2)O)OC
Niazicinin A,163812-19-9,101920262,COC(O)=NCc1ccc(O[C@@H]2O[C@@H](C)[C@H](OC(C)=O)[C@@H](O)[C@H]2O)cc1
"2,4-Dihydroxy-2H-1,4-benzoxazin-3(4H)-one",17359-54-5,28495,C1=CC=C2C(=C1)N(C(=O)C(O2)O)O
"(2s)-2,4-Dihydroxy-7-Methoxy-2h-1,4-Benzoxazin-3(4h)-One",588716-65-8,38988536,COC1=CC2=C(C=C1)N(C(=O)[C@H](O2)O)O
Niazimin A,159768-73-7,10339912,CCOC(O)=NCc1ccc(O[C@@H]2O[C@@H](C)[C@H](OC(C)=O)[C@@H](O)[C@H]2O)cc1
4-Hydroxyquinazoline,491-36-1,135408753,C1=CC=C2C(=C1)C(=O)N=CN2
Senecivernine,72755-25-0,442764,C[C@@H]1[C@H]([C@@](C(=O)OCC2=CCN3[C@H]2[C@@H](CC3)OC(=O)C1=C)(C)O)C
Methyl anthranilate,134-20-3,8635,COC(=O)C1=CC=CC=C1N
N-(2-hydroxyethyl)-N-methyl-3-phenylprop-2-enamide,5156-11-6,35432,O=C(C=CC=1C=CC=CC1)N(C)CCO
3-(4-Methyl-L-pentyl)-2-buten-4-olide,150669-53-7,86168055,CC(C)CCCC1=CC(=O)OC1
Incanine,480-77-3,78358488,C[C@H]1[C@H](C(=O)O[C@@H]2CCN3[C@@H]2C(=CC3)COC(=O)[C@]1(C)O)C(C)C
2-Ethyl-6-methylpyridine,1122-69-6,14287,CCC1=CC=CC(=N1)C
Methyl 2-(methylthio)butyrate,51534-66-8,560572,CCC(C(=O)OC)SC
2-Sec-butylpyrazine,124070-52-6,528053,N=1C=CN=C(C1)C(C)CC
4-Methoxy-1-methylquinolin-2-one,32262-18-3,182073,CN1C2=CC=CC=C2C(=CC1=O)OC
Loline,25161-91-5,716098,CN[C@H]1[C@H]2CN3[C@@H]1[C@@H](O2)CC3
Dihydrokavain,19451-52-6,98356,COC1=CC(=O)OC(C1)CCC2=CC=CC=C2
3-Methylthiopropylamine,4104-45-4,77743,CSCCCN
3-Ethylpyridine,536-78-7,10823,CCC1=CN=CC=C1
2-Isobutylthiazole,18640-74-9,62725,CC(C)CC1=NC=CS1
"(2S)-2-[(2S,3S)-3-phenyloxiran-2-yl]-2,3-dihydropyran-6-one",916151-83-2,13831602,C1C=CC(=O)O[C@@H]1[C@H]2[C@@H](O2)C3=CC=CC=C3
2-Isobutyl-3-methylpyrazine,13925-06-9,26333,CC1=NC=CN=C1CC(C)C
4-(4'-O-Acetyl-alpha-L-rhamnosyloxy)benzyl isothiocyanate,73255-41-1,10291650,CC(=O)O[C@H]1[C@H](C)O[C@@H](Oc2ccc(CN=C=S)cc2)[C@H](O)[C@@H]1O
(-)-5-(2-Propenyl)-2-oxazolidinethione,68831-68-5,3036745,SC1=NCC(O1)CC=C
2-Ethyl-5-methylpyrazine,13360-64-0,25915,CCC1=NC=C(N=C1)C
Pyrithione,1121-30-8,1570,C1=CC(=S)N(C=C1)O
2-Butyl-3-methylpyrazine,15987-00-5,85228,CCCCC1=NC=CN=C1C
Phenmetrazine,134-49-6,4762,CC1C(OCCN1)C2=CC=CC=C2
3-Propylpyridine,4673-31-8,78405,CCCC1=CN=CC=C1
"1-(3-(6,7-Dimethoxyisoquinolin-1-yl)propyl)guanidine",474304-18-2,10062645,N=C(N)NCCCC1=NC=CC=2C=C(OC)C(OC)=CC21
Dihydrokawain,587-63-3,10220256,COC1=CC(=O)O[C@H](C1)CCC2=CC=CC=C2
2-Ethenyl-6-methylpyrazine,13925-09-2,518838,CC1=CN=CC(=N1)C=C
3'-Acetyltrachelanthamine,200062-29-9,10806120,CC(=O)O[C@H](C)[C@](O)(C(=O)OC[C@@H]1CCN2CCC[C@@H]12)C(C)C
5-Ethyl-2-methylpyridine,104-90-5,7728,CCC1=CN=C(C=C1)C
Tsukushinamine A,70711-82-9,442969,C=CC[C@@H]1[C@]23C=CCC(=O)N2C[C@H]4C[C@@H]3CN1C4
"4H-1,4-Benzoxazine-4-carboxaldehyde, 3-hydroxy-7-methoxy-2-methyl-",601489-80-9,10376205,CC1=C(N(C2=C(O1)C=C(C=C2)OC)C=O)O
(5S)-5-(2-Propenyl)oxazolidine-2-thione,15216-29-2,55286434,C=CC[C@H]1CN=C(S)O1
Brassitin,113866-42-5,10036413,OC(=NCC1=CNC=2C=CC=CC21)SC
Methyl 2-(methylamino)benzoate,85-91-6,6826,CNC1=CC=CC=C1C(=O)OC
1-Methylpyrrole-2-carboxaldehyde,1192-58-1,14504,CN1C=CC=C1C=O
"2-Methyl-5-[(2R,5S)-2-methyl-5-(propan-2-yl)oxolan-2-yl]furan",53093-96-2,71365375,CC1=CC=C(O1)[C@]2(CC[C@H](O2)C(C)C)C
2-Methyl-3-propylpyrazine,15986-80-8,85224,CCCC1=NC=CN=C1C
"4-Ethylidene-7-hydroxy-6,7-dimethyl-2,9-dioxa-14-azatricyclo[9.5.1.014,17]heptadec-11-ene-3,8-dione",480-80-8,254855,O=C1OC2CCN3CC=C(COC(=O)C(O)(C)C(C)CC1=CC)C32
(5S)-5-heptyloxolan-2-one,74568-05-1,441644,CCCCCCC[C@H]1CCC(=O)O1
Norhyoscyamine,537-29-1,12442861,O=C(O[C@@H]1C[C@@H]2CC[C@H](C1)N2)[C@H](CO)c1ccccc1
2-Ethyl-5-methylpyridine,18113-81-0,519519,CCC1=NC=C(C=C1)C
N-Acetylhomoveratrylamine,6275-29-2,80465,CC(=O)NCCC1=CC(=C(C=C1)OC)OC
3-Indoleacetonitrile,771-51-7,351795,C1=CC=C2C(=C1)C(=CN2)CC#N
5-Methyl-1H-pyrrole-2-carbaldehyde,1192-79-6,14508,CC1=CC=C(N1)C=O
"5,5-Dimethyl-1,3-oxazolidine-2-thione",3980-52-7,3034515,SC1=NCC(O1)(C)C
Bisline,30258-28-7,181990,CC[C@@]1(O)C[C@@H](C)[C@](C)(O)C(=O)OCC2=CCN3CC[C@@H](OC1=O)[C@@H]23
"2(1H)-Quinolinone, 3-(2-hydroxy-3-methylbutyl)-4,8-dimethoxy-1-methyl-",103303-14-6,253835,CC(C)C(CC1=C(C2=C(C(=CC=C2)OC)N(C1=O)C)OC)O
(Methylthio)acetaldehyde,23328-62-3,10887828,CSCC=O
"Lunacridine, (S)-",160024-37-3,72941708,CC(C)[C@H](CC1=C(C2=C(C(=CC=C2)OC)N(C1=O)C)OC)O
"9,10-Dihydrolysergol",18051-16-6,5274124,CN1C[C@@H](C[C@H]2[C@H]1CC3=CNC4=CC=CC2=C34)CO
Lunacridine,83-58-9,442920,CC(C)[C@@H](CC1=C(C2=C(C(=CC=C2)OC)N(C1=O)C)OC)O
Palustrine,22324-44-3,442867,CC[C@@H]([C@@H]1CC=C[C@H]2N1CCCNCCCCNC(=O)C2)O
2-(Methoxymethyl)aniline,62723-78-8,12334306,COCC1=CC=CC=C1N
1H-indole-3-carboxamide,1670-85-5,2192542,C1=CC=C2C(=C1)C(=CN2)C(=O)N
Tropine isobutyrate,495-80-7,3083598,CC(C)C(=O)OC1C[C@H]2CC[C@@H](C1)N2C
3-(Methylthio)propionaldehyde,3268-49-3,18635,CSCCC=O
Zeatin riboside,6025-53-2,6440982,C/C(=C\CNC1=NC=NC2=C1N=CN2[C@H]3[C@@H]([C@@H]([C@H](O3)CO)O)O)/CO
2-(1H-indol-2-yl)acetonitrile,35913-20-3,169731,C1=CC=C2C(=C1)C=C(N2)CC#N
"3-Ethyl-4-methyl-1H-pyrrole-2,5-dione",20189-42-8,29995,CCC1=C(C(=O)NC1=O)C
Trachelanthine,510-19-0,10523,CC(C)[C@](O)(C(=O)OC[C@H]1CC[N+]2([O-])CCC[C@@H]12)C(C)O
5-Methoxytryptamine,608-07-1,1833,COC1=CC2=C(C=C1)NC=C2CCN
3-Pyridinecarboxaldehyde,500-22-1,10371,C1=CC(=CN=C1)C=O
(5R)-5-[(1R)-1-hydroxytridecyl]oxolan-2-one,134698-86-5,3035657,CCCCCCCCCCCC[C@H]([C@H]1CCC(=O)O1)O
2-Ethyl-3-methylpyrazine,15707-23-0,27457,CCC1=NC=CN=C1C
"Yingzhaosu C, (3R-cis)-",162302-88-7,10988717,Cc1ccc([C@]2(C)CC[C@H](C(C)(C)O)OO2)cc1
"6-(2-Hydroxy-4-phenylbut-3-en-1-yl)-5,6-dihydro-2H-pyran-2-one",94480-53-2,71330408,O=C1OC(CC=C1)CC(O)C=CC=2C=CC=CC2
2-Pyridinecarboxaldehyde,1121-60-4,14273,C1=CC=NC(=C1)C=O
"Diethyl 2,6-dimethylpyridine-3,5-dicarboxylate",1149-24-2,245983,CCOC(=O)C1=CC(=C(N=C1C)C)C(=O)OCC
2-Propylpyridine,622-39-9,69320,CCCC1=CC=CC=N1
"2,4-Dihydroxy-7,8-dimethoxy-2H-1,4-benzoxazin-3(4H)-one",60032-92-0,11139254,O=C1N(O)C2=CC=C(OC)C(OC)=C2OC1O
CID 3084154,13497-04-6,3084154,CO[C@H]1CC=C2CCN3[C@]2(C1)C4=C(CC3)COC4=O
"Heliotrine, N-oxide",6209-65-0,22581,COC(C)C(O)(C(=O)OCC1=CC[N+]2([O-])CC[C@H](O)[C@H]12)C(C)C
2-Methyl-2-thiazoline,2346-00-1,16867,CC1=NCCS1
Phytosphingosine,554-62-1,122121,CCCCCCCCCCCCCC[C@H]([C@H]([C@H](CO)N)O)O
Isocaffeine,519-32-4,1326,CN1C=NC2=C1N(C(=O)N(C2=O)C)C
Doryanin,24880-42-0,12998814,O=C1C=2C=C3OCOC3=CC2C=CN1C
5-Methylthiazole,3581-89-3,137980,CC1=CN=CS1
3-O-methyl-isosecotanapartholide,128286-96-4,70697791,CC1=C(C(=O)C[C@@H]1OC)[C@@H]2[C@H](C(=C)C(=O)O2)CCC(=O)C
4-Methoxybenzyl formate,122-91-8,61054,COC1=CC=C(C=C1)COC=O
"3-Hydroxy-2,2,10-trimethyl-3,4-dihydropyrano[2,3-b]quinolin-5-one",7688-58-6,356086,O=C1C=2C=CC=CC2N(C=3OC(C)(C)C(O)CC13)C
Nicotyrine,487-19-4,10249,CN1C=CC=C1C2=CN=CC=C2
Norcodeine,467-15-2,9925873,[C@@]123C4=C5C(=CC=C4C[C@H]([C@@]1(C=C[C@@H]([C@@H]2O5)O)[H])NCC3)OC
Petasinine,70474-33-8,6440436,C/C=C(/C)\C(=O)O[C@H]1CN2CCC[C@H]2[C@H]1CO
Idrocilamide,6961-46-2,23397,C1=CC=C(C=C1)C=CC(=O)NCCO
1-Hexadecanoyl-sn-glycerol,32899-41-5,3084463,CCCCCCCCCCCCCCCC(=O)OC[C@H](CO)O
Deoxyvasicinone,530-53-0,68261,C1CC2=NC3=CC=CC=C3C(=O)N2C1
1-Palmitoylphosphatidylcholine,17364-18-0,86554,C(COP(=O)([O-])OCC[N+](C)(C)C)([H])(O)COC(CCCCCCCCCCCCCCC)=O
"2,4-Dimethylpyridine",108-47-4,7936,CC1=CC(=NC=C1)C
Dioscorine,3329-91-7,442635,CC1=CC(=O)O[C@@]2(C1)C[C@H]3CC[C@@H]2CN3C
"[2,3'-Bipyridine]-3,4'-diol",89945-98-2,13919032,C1=CC(=C(N=C1)C2=CNC=CC2=O)O
Harmic amide,62230-09-5,71388550,COC1=CC2=C(C=C1)C3=C(N2)C(=NC=C3)C(=O)N
Glyceryl palmitate,542-44-9,14900,CCCCCCCCCCCCCCCC(=O)OCC(CO)O
3-Butylpyridine,539-32-2,10874,CCCCC1=CN=CC=C1
2-[(4-methylphenyl)methylamino]benzoic Acid,57397-80-5,11425005,CC1=CC=C(C=C1)CNC2=CC=CC=C2C(=O)O
Littorine,21956-47-8,12311316,CN1[C@H]2CC[C@@H]1C[C@H](OC(=O)[C@H](O)Cc1ccccc1)C2
Fluconazole,86386-73-4,3365,C1=CC(=C(C=C1F)F)C(CN2C=NC=N2)(CN3C=NC=N3)O
Carbofuran,1563-66-2,2566,CC1(CC2=CC=CC(=C2O1)O/C(=N/C)/O)C
"2,3-Dimethylpyridine",583-61-9,11420,CC1=C(N=CC=C1)C
Methyl (2S)-3-(1H-indol-3-YL)-2-(methylamino)propanoate,32164-04-8,10988127,CN[C@@H](Cc1c[nH]c2ccccc12)C(=O)OC
4-Methoxy-1H-quinolin-2-one,27667-34-1,600167,COC1=CC(=O)NC2=CC=CC=C21
Methyl indoline-6-carboxylate,341988-36-1,16244446,COC(=O)C1=CC2=C(CCN2)C=C1
Trichodesmine,548-90-3,119040,CC(C)[C@H]1C(=O)O[C@@H]2CCN3CC=C(COC(=O)[C@](C)(O)[C@]1(C)O)[C@H]23
N-Acetyl-5-acetoxytryptamine,28026-16-6,2735229,CC(=O)NCCC1=CNC2=C1C=C(C=C2)OC(=O)C
N-Methylloline,22143-50-6,168027,CN(C)[C@@H]1[C@H]2[C@@H]3CCN2C[C@H]1O3
Styrene oxide,96-09-3,7276,C1C(O1)C2=CC=CC=C2
5-(Methoxymethyl)-2-furaldehyde,1917-64-2,74711,COCC1=CC=C(O1)C=O
3-Isopropyl-2-penten-4-olide,128807-39-6,86168058,CC1C(=CC(=O)O1)C(C)C
Allamandicin,51838-83-6,317838,O=C(OC)C1=COC2OC3C(C(=O)OC43C=CC1C24)C(O)C
Doronenine,74217-57-5,6440559,C[C@@H]1C/C(=C/C(=O)O[C@@H]2CCN3[C@@H]2C(=CC3)COC(=O)[C@]1(C)O)/C
2-Nonenoic acid gamma-lactone,21963-26-8,89559,CCCCCC1C=CC(=O)O1
Isoline,30000-36-3,185716,CC[C@@]1(O)C[C@@H](C)[C@](C)(OC(C)=O)C(=O)OCC2=CCN3CC[C@@H](OC1=O)[C@@H]23
Diglycidyl resorcinol ether,101-90-6,7586,C1C(O1)COC2=CC(=CC=C2)OCC3CO3
Tembamide acetate,15298-31-4,177584,O=C(OC(C1=CC=C(OC)C=C1)CN=C(O)C=2C=CC=CC2)C
2-Butylpyridine,5058-19-5,78750,CCCCC1=CC=CC=N1
(R)-atropine,13269-35-7,637577,CN1[C@@H]2CC[C@H]1C[C@H](C2)OC(=O)[C@@H](CO)C3=CC=CC=C3
Massoia lactone,54814-64-1,39914,CCCCCC1CC=CC(=O)O1
Atropine,51-55-8,174174,CN1[C@@H]2CC[C@H]1C[C@H](C2)OC(=O)C(CO)c3ccccc3
"Benzeneacetic acid, alpha-(hydroxymethyl)-, (3-endo)-8-methyl-8-azabicyclo(3.2.1)oct-3-yl ester, (alphaS)-",101-31-5,154417,CN1[C@H]2CC[C@@H]1C[C@@H](C2)OC(=O)[C@H](CO)C3=CC=CC=C3
2-Methylthiazole,3581-87-1,77129,CC1=NC=CS1
Jacobine,6870-67-3,442741,C[C@@H]1C[C@]2([C@@H](O2)C)C(=O)O[C@@H]3CCN4[C@@H]3C(=CC4)COC(=O)[C@]1(C)O
1-Phenylethyl formate,7775-38-4,346286,CC(C1=CC=CC=C1)OC=O
3-Vinylpyridine,1121-55-7,14272,C=CC1=CN=CC=C1
2-Benzamido-4-methoxybenzoic acid,109437-82-3,440258,COC1=CC(=C(C=C1)C(=O)O)NC(=O)C2=CC=CC=C2
"3-[(2R,3S)-3-Ethyloxiran-2-yl]-1H-2-benzopyran-1-one",653597-74-1,21580105,CC[C@H]1[C@@H](O1)C2=CC3=CC=CC=C3C(=O)O2
"(6S)-5,6-Dihydro-4-methoxy-6-[2-(4-methoxyphenyl)ethyl]-2H-pyran-2-one",49776-58-1,25008953,COC1=CC(=O)O[C@@H](CCc2ccc(OC)cc2)C1
"2-Butenoic acid, 2-methyl-, 4-methoxy-2-(3-methyloxiranyl)phenyl ester",159516-20-8,3009223,O=C(OC1=CC=C(OC)C=C1C2OC2C)C(=CC)C
"[1,3]Dioxolo[4,5-g]isoquinolin-5(6H)-one",24188-76-9,12997610,C1OC2=C(O1)C=C3C(=C2)C=CNC3=O
methyl 1-methyl-1H-indole-3-carboxylate,108438-43-3,842006,CN1C=C(C2=CC=CC=C21)C(=O)OC
"2-Propenamide, 3-phenyl-",621-79-4,12135,C1=CC=C(C=C1)C=CC(=O)N
Isocodeine,509-64-8,5324288,O[C@@H]2\C=C/[C@H]5[C@@H]4N(CC[C@@]51c3c(O[C@H]12)c(OC)ccc3C4)C
Methyl 1-methoxy-1H-indole-3-carboxylate,18377-50-9,10465540,O=C(OC)C1=CN(OC)C=2C=CC=CC12
"Ethyl 6-methoxy-2-oxo-1,2-dihydroquinoline-4-carboxylate",93257-70-6,287262,CCOC(=O)C1=CC(=O)NC2=C1C=C(C=C2)OC
Phenylacetonitrile,140-29-4,8794,C1=CC=C(C=C1)CC#N
Auraptenol,51559-35-4,13343540,O=C1OC2=C(C=C1)C=CC(OC)=C2CC(O)C(=C)C
Benzyl formate,104-57-4,7708,C1=CC=C(C=C1)COC=O
CID 13343541,1221-43-8,13343541,C=C(C)[C@@H](O)Cc1c(OC)ccc2ccc(=O)oc12
Lumiflavin,1088-56-8,66184,CC1=CC2=C(C=C1C)N(C3=NC(=O)NC(=O)C3=N2)C
Neoangularine,149496-14-0,22524559,C/C=C/1\CC(=C)[C@@](C(=O)OC[C@H]2[C@@H](CN3[C@H]2[C@@H](CC3)OC1=O)O)(C)O
Anacrotine,5096-49-1,5281720,C/C=C\1/C[C@H]([C@@](C(=O)OCC2=CCN3[C@H]2[C@@H]([C@@H](C3)O)OC1=O)(C)O)C
Codeine,76-57-3,5284371,CN1CC[C@]23[C@@H]4[C@H]1CC5=C2C(=C(C=C5)OC)O[C@H]3[C@H](C=C4)O
5-Methoxyfuran-2-carbaldehyde,21300-07-2,6208,COC1=CC=C(O1)C=O
"Decursinol, (-)-",21860-31-1,1150962,CC1([C@@H](CC2=C(O1)C=C3C(=C2)C=CC(=O)O3)O)C
Decursinol,23458-02-8,442127,CC1([C@H](CC2=C(O1)C=C3C(=C2)C=CC(=O)O3)O)C
Dihydrocodeine,125-28-0,5284543,CN1CC[C@]23[C@@H]4[C@H]1CC5=C2C(=C(C=C5)OC)O[C@H]3[C@H](CC4)O
"8,9-Dihydro-6H-pyrido[2,1-b]quinazolin-11(7H)-one",2446-62-0,523975,C1CCN2C(=NC3=CC=CC=C3C2=O)C1
Thamnosmin,23631-16-5,90218,CC(=C)[C@H]1[C@@H](O1)C2=C(C=C3C(=C2)C=CC(=O)O3)OC
"Pyridine, 2-methyl-4-(1-methylethyl)",13854-03-0,529348,CC1=NC=CC(=C1)C(C)C
2-Phenylethyl formate,104-62-1,7711,C1=CC=C(C=C1)CCOC=O
Tembamide,15298-28-9,177583,OC(=NCC(O)C1=CC=C(OC)C=C1)C=2C=CC=CC2
Phebalosin,6545-99-9,188300,CC(=C)[C@@H]1[C@H](O1)C2=C(C=CC3=C2OC(=O)C=C3)OC
Pentylpyrazine,6303-75-9,80551,CCCCCC1=NC=CN=C1
Neopine,467-14-1,5462437,CN1CC[C@]23[C@@H]4[C@H](CC=C2[C@H]1CC5=C3C(=C(C=C5)OC)O4)O
4-Methoxyphenethylamine,55-81-2,4657,COC1=CC=C(C=C1)CCN
Jacozine,5532-23-0,119052,C=C1C[C@@]2(O[C@H]2C)C(=O)O[C@@H]2CCN3CC=C(COC(=O)[C@]1(C)O)[C@H]23
5-pentyl-3H-furan-2-one,51352-68-2,10725569,O=C1O/C(=C\C1)/CCCCC
2-Ethyl-5-methyl-3-thiazoline,102169-64-2,13738286,N1=CC(SC1CC)C
gamma-Dodecalactone,2305-05-7,16821,CCCCCCCCC1CCC(=O)O1
Usaramine,15503-87-4,5281756,C/C=C/1\C[C@H]([C@@](C(=O)OCC2=CCN3[C@H]2[C@@H](CC3)OC1=O)(CO)O)C
5-Pentyl-2H-pyran-2-one,23079-71-2,71356827,CCCCCC1=COC(=O)C=C1
Benzyl isovalerate,103-38-8,7651,CC(C)CC(=O)OCC1=CC=CC=C1
"6-methoxy-2,3,4,9-tetrahydro-1H-pyrido[3,4-b]indole",20315-68-8,1868,COC1=CC2=C(C=C1)NC3=C2CCNC3
2-Palmitoylglycerol,23470-00-0,123409,OC[C@]([H])(OC(CCCCCCCCCCCCCCC)=O)CO
2-Phenylpropanenitrile,1823-91-2,15761,N#CC(C=1C=CC=CC1)C
Benzyl 2-methylbutyrate,56423-40-6,91849,CCC(C)C(=O)OCC1=CC=CC=C1
17-Oxolupanine,4697-83-0,14139904,C1CCN2[C@@H](C1)[C@H]3C[C@@H](C2=O)[C@H]4CCCC(=O)N4C3
4-Propylpyridine,1122-81-2,70738,CCCC1=CC=NC=C1
Cannabisativine,57682-64-1,442846,CCCCC[C@H]([C@H]([C@@H]1C=CC[C@@H]2N1CCCNCCCCNC(=O)C2)O)O
(R)-1-(4-Methoxyphenyl)propan-2-amine,58993-79-6,6951129,C[C@H](CC1=CC=C(C=C1)OC)N
"2(3H)-Furanone, dihydro-5-octyl-, (5R)-",69830-91-7,10888889,CCCCCCCC[C@@H]1CCC(=O)O1
"3,4-dimethoxy-N,N-dimethylbenzamide",6967-45-9,249720,CN(C)C(=O)C1=CC(=C(C=C1)OC)OC
o-Tolunitrile,529-19-1,10721,CC1=CC=CC=C1C#N
Ethyl 5-methoxyindole-2-carboxylate,4792-58-9,20926,CCOC(=O)C1=CC2=C(N1)C=CC(=C2)OC
"1-Methyl-2,3-dihydroquinolin-4-imine",2400-75-1,161462,CN1CCC(=N)C2=CC=CC=C21
3-Stearoyl-sn-glycerol,14811-92-8,15560611,CCCCCCCCCCCCCCCCCC(=O)OC[C@@H](CO)O
1-Stearoyl-sn-glycerol,22610-61-3,15560610,CCCCCCCCCCCCCCCCCC(=O)OC[C@H](CO)O
Pentyl 3-methylbutanoate,25415-62-7,95978,CCCCCOC(=O)CC(C)C
Oxyhydrastinine,552-29-4,160522,CN1CCC2=CC3=C(C=C2C1=O)OCO3
1-Methyl-2-quinolone,606-43-9,11820,CN1C(=O)C=CC2=CC=CC=C21
"Pyridine, 2-methyl-4-(1-methylethenyl)",13854-02-9,529347,CC1=NC=CC(=C1)C(=C)C
4-Hydroxy-3-methoxy-1-methylquinolin-2(1H)-one,90061-39-5,54723909,CN1C2=CC=CC=C2C(=C(C1=O)OC)O
Noroxyhydrastinine,21796-14-5,89047,C1CNC(=O)C2=CC3=C(C=C21)OCO3
Glyceryl monostearate,123-94-4,24699,CCCCCCCCCCCCCCCCCC(=O)OCC(CO)O
Benzonitrile,100-47-0,7505,C1=CC=C(C=C1)C#N
Phenethyl isovalerate,140-26-1,8792,CC(C)CC(=O)OCCC1=CC=CC=C1
Bohlmann K3089,36238-02-5,327381,O=C(C=C(C)C)CC1(OC(C2=COC=C2)CC1)C
Allyl cyclohexanepropionate,2705-87-5,17617,C=CCOC(=O)CCC1CCCCC1
Leontalbin,6475-07-6,201655,O=C1CCC[C@H]2[C@@H]3CCCN4CCCC(=CN12)[C@H]34
Thiocyanic acid,463-56-9,781,C(#N)S
3-Methylthiophene,616-44-4,12024,CC1=CSC=C1
2-(1-Methylpropyl)thiazole,18277-27-5,519539,CCC(C)C1=NC=CS1
Deferoxamine,70-51-9,2973,CC(=O)N(CCCCCNC(=O)CCC(=O)N(CCCCCNC(=O)CCC(=O)N(CCCCCN)O)O)O
3-Methoxybenzaldehyde,591-31-1,11569,COC1=CC=CC(=C1)C=O
5-Methoxy-N-methyltryptamine,2009-03-2,16184,CNCCC1=CNC2=C1C=C(C=C2)OC
14-Hydroxycodeine,4829-46-3,14261327,CN1CC[C@]23[C@@H]4[C@H](C=C[C@]2([C@H]1CC5=C3C(=C(C=C5)OC)O4)O)O
Ehretinine,76231-29-3,336435,C[C@H]1CCN2[C@H]1[C@@H](CC2)OC(=O)C3=CC=C(C=C3)OC
"6,7-Dimethoxy-2-methylisoquinolin-1(2H)-one",20323-75-5,11367984,CN1C=CC2=CC(=C(C=C2C1=O)OC)OC
methyl 2-(1H-indol-3-yl)acetate,1912-33-0,74706,COC(=O)CC1=CNC2=CC=CC=C21
Dehydrongaione,41059-84-1,442367,CC(=CC(=O)C[C@]1(CC[C@H](O1)C2=COC=C2)C)C
"3,4-Dimethoxy-1-methylquinolin-2(1H)-one",123497-83-6,14335230,CN1C2=CC=CC=C2C(=C(C1=O)OC)OC
(2-Nitroethyl)benzene,6125-24-2,80208,C1=CC=C(C=C1)CC[N+](=O)[O-]
"1(2H)-Isoquinolinone, 5,6,7-trimethoxy-2-methyl-",23434-97-1,3084401,O=C1C=2C=C(OC)C(OC)=C(OC)C2C=CN1C
"2H-Pyran-2-one, 6-[2-(3,4-dimethoxyphenyl)ethyl]-5,6-dihydro-4-methoxy-, (S)-",38146-60-0,22217085,COC1=CC(=O)O[C@@H](CCc2ccc(OC)c(OC)c2)C1
2-Phenylethyl 2-methylbutanoate,24817-51-4,520148,CCC(C)C(=O)OCCC1=CC=CC=C1
Isobutyl 3-phenylpropionate,28048-94-4,119801,CC(C)COC(=O)CCC1=CC=CC=C1
2-Ethylphenyl Acetate,3056-59-5,9898919,CCC1=CC=CC=C1OC(=O)C
"Methyl 9,12,13-trihydroxyoctadec-10-enoate",38947-15-8,71359328,O=C(OC)CCCCCCCC(O)C=CC(O)C(O)CCCCC
Benzyl isobutyrate,103-28-6,7646,CC(C)C(=O)OCC1=CC=CC=C1
"(1R,2S,9R,10R)-7,14-diazatetracyclo[7.6.1.02,7.010,14]hexadecan-6-one",58845-84-4,15060885,O=C1CCC[C@H]2[C@@H]3C[C@H](CN12)[C@H]1CCCN1C3
Methyl indole-3-carboxylate,942-24-5,589098,COC(=O)C1=CNC2=CC=CC=C21
Methyl 3-(4-methoxyphenyl)propanoate,15823-04-8,300018,COC1=CC=C(C=C1)CCC(=O)OC
4-methoxy-2-[(4-methoxybenzoyl)amino]benzoic Acid,140220-07-1,178557,COC1=CC=C(C=C1)C(=O)NC2=C(C=CC(=C2)OC)C(=O)O
Quinine,130-95-0,3034034,COC1=CC2=C(C=CN=C2C=C1)[C@H]([C@@H]3C[C@@H]4CCN3C[C@@H]4C=C)O
"Furan, 5-methyl-2,2'-methylenedi-",13678-51-8,595524,CC1=CC=C(O1)CC2=CC=CO2
Murraxocin,113349-35-2,188750,O=C1OC2=C(C=C1)C=CC(OC)=C2C(OCC)C(O)C(=C)C
Epiquinine,572-60-1,10448938,COC1=CC2=C(C=CN=C2C=C1)[C@@H]([C@@H]3C[C@@H]4CCN3C[C@@H]4C=C)O
"Cinchonan-9-ol, 6'-methoxy-, (8alpha,9R)-",936694-43-8,3034034,COC1=CC=C2N=CC=C([C@@H](O)[C@@H]3C[C@@H]4CCN3C[C@@H]4C=C)C2=C1
"1,3-Benzodioxole-5-carboxaldehyde, 7-methoxy-",5780-07-4,22016,COC1=CC(=CC2=C1OCO2)C=O
Norgalanthamine,41303-74-6,9838394,COC1=C2C3=C(CNCC[C@]34C=C[C@@H](C[C@@H]4O2)O)C=C1
"6,7-dimethoxy-3,4-dihydro-2H-isoquinolin-1-one",493-49-2,610097,COC1=C(C=C2C(=C1)CCNC2=O)OC
Isoiridomyrmecin,573-94-4,120743,C[C@@H]1CC[C@@H]2[C@H]1COC(=O)[C@H]2C
Quinidex,56-54-2,441074,COC1=CC2=C(C=CN=C2C=C1)[C@@H]([C@H]3C[C@@H]4CCN3C[C@@H]4C=C)O
"rel-(4R,4aS,7S,7aR)-Hexahydro-4,7-dimethylcyclopenta[c]pyran-3(1H)-one",1436-62-0,10899082,C[C@H]1CC[C@@H]2[C@@H](C)C(=O)OC[C@H]12
Cichorine,114090-43-6,442849,CC1=C(C=C2C(=C1OC)CNC2=O)O
Pentyl isobutyrate,2445-72-9,75554,CCCCCOC(=O)C(C)C
Phenethyl isobutyrate,103-48-0,7655,CC(C)C(=O)OCCC1=CC=CC=C1
Echinorine,18095-64-2,442898,C[N+]1=CC=C(C2=CC=CC=C21)OC
(1H-Indol-3-yl)methanamine,22259-53-6,472107,C1=CC=C2C(=C1)C(=CN2)CN
"1,3-Dithiane",505-23-7,10451,C1CSCSC1
N-Methylcorydaldine,6514-05-2,303906,CN1CCC2=CC(=C(C=C2C1=O)OC)OC
4-Butylpyridine,5335-75-1,138459,CCCCC1=CC=NC=C1
"4,5-Dimethyl-2-ethyl-3-thiazoline",76788-46-0,5362584,CCC1N=C(C(S1)C)C
Riddelliine,23246-96-0,5281744,[H][C@]1(C(COC([C@@]2(O)CO)=O)=CC3)N3CC[C@H]1OC(/C(CC2=C)=C\C)=O
Cotarninium,20276-45-3,160909,C[N+]1=CC2=C(C3=C(C=C2CC1)OCO3)OC
2-Thiophenecarbaldehyde oxime,29683-84-9,97275,ON=CC=1SC=CC1
"3-(2-Methylpropyl)-3a,4,5,6-tetrahydro-2-benzofuran-1(3h)-one",66211-45-8,111213,O=C1OC(CC(C)C)C2C1=CCCC2
Antirhine,16049-28-8,5462421,C=C[C@@H](CO)[C@H]1CCN2CCC3=C([C@@H]2C1)NC4=CC=CC=C34
"7-Methoxy-1,2,3,4-tetrahydroisoquinoline",43207-78-9,417288,COC1=CC2=C(CCNC2)C=C1
Spartioidine,520-59-2,6438237,C=C1C/C(=C\C)C(=O)O[C@@H]2CCN3CC=C(COC(=O)[C@@]1(C)O)[C@H]23
"6-Methoxy-1,2,3,4-tetrahydroisoquinoline",42923-77-3,39356,COC1=CC2=C(CNCC2)C=C1
Benzyl isocyanate,3173-56-6,76639,C1=CC=C(C=C1)CN=C=O
Methyl 4-methyloctanoate,15870-07-2,519186,O=C(OC)CCC(C)CCCC
5-Methoxygramine,16620-52-3,27965,CN(C)CC1=CNC2=C1C=C(C=C2)OC
Edulitine,15272-24-9,826073,OC=1N=C2C(OC)=CC=CC2=C(OC)C1
Fraxinellone,28808-62-0,124039,CC1=C2C(=O)O[C@H]([C@@]2(CCC1)C)C3=COC=C3
Scopolamine,51-34-3,3000322,CN1[C@@H]2C[C@H](C[C@H]1[C@H]3[C@@H]2O3)OC(=O)[C@H](CO)C4=CC=CC=C4
5-Methoxycoumarin,51559-36-5,10899191,COC1=CC=CC2=C1C=CC(=O)O2
alpha-Erythroidine,466-80-8,441076,CO[C@@H]1C[C@@]23C(=CCN2CC[C@H]4C3=CC(=O)OC4)C=C1
Sedanolide,6415-59-4,5018391,CCCCC1C2CCCC=C2C(=O)O1
Cinchonine,118-10-5,90454,C=C[C@H]1CN2CC[C@H]1C[C@@H]2[C@H](C3=CC=NC4=CC=CC=C34)O
4-Methoxy-N-methylbenzeneethanamine,4091-50-3,104735,CNCCC1=CC=C(C=C1)OC
Methyl 4-(1H-indol-3-yl)butanoate,15591-70-5,85010,COC(=O)CCCC1=CNC2=CC=CC=C21
"5H-7,4-Methenofuro(3,2-c)oxireno(f)oxacycloundecin-5-one,1a,2,3,7,11,11a-hexahydro-8,11a-dimethyl-, (1aS,7R,11aS)-",20082-45-5,497202,CC1=COC2=C1[C@H]3C=C(CC[C@H]4[C@@](C2)(O4)C)C(=O)O3
"7H-Furo[3,2-g][1]benzopyran-7-one, 2,3-dihydro-9-methoxy-",3779-03-1,77409,COC1=C2C(=CC3=C1OCC3)C=CC(=O)O2
Epicinchonidine,550-54-9,6916142,C=C[C@H]1CN2CC[C@H]1C[C@H]2[C@@H](O)c1ccnc2ccccc12
Cinchonidine,485-71-2,101744,C=C[C@H]1CN2CC[C@H]1C[C@H]2[C@@H](C3=CC=NC4=CC=CC=C34)O
Hexyl isovalerate,10032-13-0,61455,CCCCCCOC(=O)CC(C)C
Tryptamine,61-54-1,1150,C1=CC=C2C(=C1)C(=CN2)CCN
7-Methoxycoumarin,531-59-9,10748,COc1ccc2ccc(=O)oc2c1
1-Phenylethyl acetate,93-92-5,62341,CC(C1=CC=CC=C1)OC(=O)C
2-Methylbutyl benzoate,52513-03-8,103653,O=C(OCC(C)CC)C=1C=CC=CC1
"7,14-Methano-4H,6H-dipyrido(1,2-a:1',2'-e)(1,5)diazocin-4-one, 2,3,7,7a,8,9,10,11,13,14-decahydro-, (7S-(7alpha,7abeta,14alpha))-",32101-29-4,14379237,O=C1CCC=C2[C@H]3C[C@@H](CN12)[C@@H]1CCCCN1C3
"2-Propenoic acid, 3-phenyl-, 2-(dimethylamino)ethyl ester",4067-25-8,422218,O=C(OCCN(C)C)C=CC=1C=CC=CC1
Pentyl 2-methylbutyrate,68039-26-9,107059,O=C(OCCCCC)C(C)CC
4-Methoxy-2-methylquinoline,31835-53-7,15560678,CC1=NC2=CC=CC=C2C(=C1)OC
Zoapatanol,71117-51-6,5281402,C[C@H](CCC[C@]1([C@@H](CC/C(=C\CO)/CO1)O)C)C(=O)CC=C(C)C
"1,7-Naphthyridine",253-69-0,9209,C1=CC2=C(C=NC=C2)N=C1
Phenylacetoxytropane,1690-22-8,201009,O=C(OC1CC2N(C)C(CC2)C1)CC=3C=CC=CC3
Neocnidilide,4567-33-3,3083857,CCCC[C@H]1[C@@H]2CCCC=C2C(=O)O1
(+/-)-Dihydromethysticin,6581-46-0,229852,COC1=CC(=O)OC(C1)CCC2=CC3=C(C=C2)OCO3
"8,9-Dihydrofuro[2,3-h]chromen-2-one",51559-40-1,18353375,O=C1OC2=C(C=C1)C=CC=3OCCC32
Coixol,532-91-2,10772,COC1=CC2=C(C=C1)NC(=O)O2
Hexyl formate,629-33-4,61177,CCCCCCOC=O
Dihydromethysticin,19902-91-1,88308,COC1=CC(=O)O[C@H](C1)CCC2=CC3=C(C=C2)OCO3
2-Phenylethyl propionate,122-70-3,31225,CCC(=O)OCCc1ccccc1
Scorpioidine,80405-18-1,6440654,C/C=C(\C)/C(=O)O[C@@H](C)[C@@](C(C)C)(C(=O)OCC1=CCN2[C@H]1[C@@H](CC2)O)O
"2-Methoxy-1-(9H-pyrido(3,4-b)indol-1-yl)ethanone",123520-94-5,183645,COCC(=O)C1=NC=CC2=C1NC3=CC=CC=C23
5-Ethyl-2-furaldehyde,23074-10-4,89989,O=CC=1OC(=CC1)CC
"Dihydromethysticin, (R)-",329351-76-0,10107480,COC1=CC(=O)O[C@@H](C1)CCC2=CC3=C(C=C2)OCO3
alpha-Liriodenolide,56064-70-1,185837,CC1=CC[C@H]([C@]2([C@H]1[C@@H]3[C@@H]([C@@H](C2)OC(=O)C)C(=C)C(=O)O3)C)O
"3-Benzofuranmethanol, 5-methoxy-6-methyl-, 3-acetate",104104-51-0,163192810,O=C(OCC1=COC=2C=C(C(OC)=CC21)C)C
Epigalantamine,1668-85-5,676392,CN1CC[C@@]23C=C[C@H](C[C@@H]2OC4=C(C=CC(=C34)C1)OC)O
Methyl 7-methylcyclopenta[c]pyran-4-carboxylate,63785-74-0,605452,CC1=CC=C2C1=COC=C2C(=O)OC
Rosmarinine,520-65-0,5281745,C/C=C\1/C[C@H]([C@@](C(=O)OC[C@H]2[C@@H](CN3[C@H]2[C@@H](CC3)OC1=O)O)(C)O)C
"(1S)-((2R,4S,5R)-5-Ethylquinuclidin-2-yl)(quinolin-4-yl)methanol",485-65-4,11630759,CC[C@H]1CN2CC[C@H]1C[C@@H]2[C@H](C3=CC=NC4=CC=CC=C34)O
Phenethyl butyrate,103-52-6,7658,CCCC(=O)OCCC1=CC=CC=C1
Galantamine,357-70-0,9651,COC1=C2O[C@H]3C[C@@H](O)C=C[C@]34CCN(C)CC(C=C1)=C24
Hydrocinchonidine,485-64-3,6914728,CC[C@H]1CN2CC[C@H]1C[C@H]2[C@@H](C3=CC=NC4=C3C=CC=C4)O
"Ethyl 3-(3,4-dimethoxyphenyl)propionate",5462-13-5,222974,CCOC(=O)CCC1=CC(=C(C=C1)OC)OC
4-Methylcoumarin,607-71-6,11833,CC1=CC(=O)OC2=CC=CC=C12
Linalyl formate,115-99-1,61040,CC(=CCCC(C)(C=C)OC=O)C
5-Methoxy-2-methyl-4H-chromen-4-one,22105-23-3,11687031,CC1=CC(=O)C2=C(O1)C=CC=C2OC
"Methyl 3-(3,4-dimethoxyphenyl)propanoate",27798-73-8,520347,COC1=C(C=C(C=C1)CCC(=O)OC)OC
Convoline,89783-61-9,443002,COC1=C(C=C(C=C1)C(=O)O[C@H]2CC3N(C(C2)CC3)O)OC
"6,7-Methylenedioxyphthalide",4741-65-5,11137680,O=C1OCC2=CC=C3OCOC3=C12
"2-Butenoic acid, phenylmethyl ester",65416-24-2,97885,O=C(OCC=1C=CC=CC1)C=CC
"1,2-Dimethylquinolin-4(1H)-one",6760-40-3,316973,CC1=CC(=O)C2=CC=CC=C2N1C
Inversin[isocoumarin],160927-82-2,10331575,O=C1OC(=CC=2C=C(OC)C=3OCOC3C12)C
2-Hydroxyquinoline,59-31-4,6038,C1=CC=C2C(=C1)C=CC(=O)N2
Boronolide,33903-83-2,10474298,CCCC[C@H](OC(C)=O)[C@@H](OC(C)=O)[C@H](OC(C)=O)[C@H]1CC=CC(=O)O1
Artemorin,64845-92-7,5281428,C/C/1=C\[C@@H]2[C@@H](CCC(=C)[C@@H](CC1)O)C(=C)C(=O)O2
4-Methoxyquinoline,607-31-8,521938,N=1C=CC(OC)=C2C=CC=CC12
Hexyl isobutyrate,2349-07-7,16872,CCCCCCOC(=O)C(C)C
Benzoylcholine,2208-04-0,16632,C[N+](C)(C)CCOC(=O)C1=CC=CC=C1
Isopentyl benzoate,94-46-2,7193,CC(C)CCOC(=O)C1=CC=CC=C1
Convolvine,537-30-4,279064,COC1=C(C=C(C=C1)C(=O)OC2CC3CCC(C2)N3)OC
"1,4-Dihydro-2H,5H-pyrano(3,4-c)(1)benzopyran-5-one",5375-87-1,134586,C1COCC2=C1C3=CC=CC=C3OC2=O
beta-ERYTHROIDINE,466-81-9,10074,CO[C@@H]1C[C@]23C4=C(CCN2CC=C3C=C1)COC(=O)C4
"8-[[(2R)-3,3-dimethyloxiran-2-yl]methyl]-5,7-dimethoxychromen-2-one",18196-01-5,176971,CC1([C@H](O1)CC2=C(C=C(C3=C2OC(=O)C=C3)OC)OC)C
Metacetamol,621-42-1,12124,CC(=O)NC1=CC(=CC=C1)O
3-Methylcoumarin,2445-82-1,17130,CC1=CC2=CC=CC=C2OC1=O
"4-(2,2,3-Trimethyl-1,3-oxazolidin-5-yl)phenol",16812-88-7,204759,OC1=CC=C(C=C1)C2OC(N(C)C2)(C)C
Benzyl valerate,10361-39-4,82584,CCCCC(=O)OCC1=CC=CC=C1
p-Tolyl acetate,140-39-6,8797,CC1=CC=C(C=C1)OC(=O)C
13-Methyloxacyclotetradecan-2-one,57092-32-7,534607,O=C1OCC(C)CCCCCCCCCC1
"2,2'-Bithiophene-5-carboxylic acid",2060-55-1,150965,C1=CSC(=C1)C2=CC=C(S2)C(=O)O
Ethyl 9-oxononanoate,3433-16-7,18915,CCOC(=O)CCCCCCCC=O
"Methyl 3-(3,4,5-trimethoxyphenyl)propanoate",53560-25-1,2797678,COC1=CC(=CC(=C1OC)OC)CCC(=O)OC
"2H-1-Benzopyran-2-one, 7-methoxy-6-(3-methyl-2-oxobutyl)-",38409-25-5,605135,CC(C)C(=O)CC1=C(C=C2C(=C1)C=CC(=O)O2)OC
"(1s,5r)-2-Methyl-5-(prop-1-en-2-yl)cyclohex-2-en-1-yl acetate",7053-79-4,81505,CC1=CC[C@H](C[C@@H]1OC(=O)C)C(=C)C
2-Pentylpyridine,2294-76-0,16800,CCCCCC1=CC=CC=N1
Pentyl 4-methylpentanoate,25415-71-8,32967,CCCCCOC(=O)CCC(C)C
"2-Cyclohexen-1-ol, 2-methyl-5-(1-methylethenyl)-, acetate, cis-",7111-29-7,102024,CC1=CC[C@H](C[C@H]1OC(=O)C)C(=C)C
Lupanine,550-90-3,91471,C1CCN2C[C@@H]3C[C@H]([C@@H]2C1)CN4[C@@H]3CCCC4=O
(1S-cis)-2-Methyl-5-(1-methylvinyl)-2-cyclohexen-1-yl acetate,76704-28-4,81544,CC1=CC[C@@H](C[C@@H]1OC(=O)C)C(=C)C
2-Aminobenzaldehyde,529-23-7,68255,C1=CC=C(C(=C1)C=O)N
Lophophorine,17627-78-0,442315,C[C@H]1C2=C3C(=C(C=C2CCN1C)OC)OCO3
Actinidine,524-03-8,68231,C[C@H]1CCC2=C(C=NC=C12)C
Isolupanine,486-87-3,15939852,C1CCN2C[C@@H]3C[C@H]([C@H]2C1)CN4[C@@H]3CCCC4=O
"2-Cyclohexen-1-ol, 2-methyl-5-(1-methylethenyl)-, acetate, (1R-trans)-",5258-00-4,6951358,CC1=CC[C@@H](C[C@H]1OC(=O)C)C(=C)C
Isomenthyl acetate,79199-84-1,6432225,C[C@@H]1CC[C@@H]([C@H](C1)OC(=O)C)C(C)C
Neomenthyl acetate,2552-91-2,75699,C[C@@H]1CC[C@H]([C@H](C1)OC(=O)C)C(C)C
"2,4,6-Cycloheptatrien-1-one, 2-hydroxy-7-methoxy-4-(1-methylethyl)-",89647-85-8,606603,O=C1C=C(C=CC(OC)=C1O)C(C)C
2-Butylfuran,4466-24-4,20534,CCCCC1=CC=CO1
3-Phenylprop-2-en-1-yl acetate,103-54-8,7660,O=C(OCC=CC=1C=CC=CC1)C
L-Menthyl acetate,2623-23-6,220674,C[C@@H]1CC[C@H]([C@@H](C1)OC(=O)C)C(C)C
Cinchonamine,482-28-0,94151,C=C[C@H]1CN2CC[C@H]1C[C@H]2c1[nH]c2ccccc2c1CCO
4-Ethylphenyl acetate,3245-23-6,76731,CCC1=CC=C(C=C1)OC(=O)C
"(1S,2R,5S)-2-isopropyl-5-methylcyclohexyl acetate",5157-89-1,62335,CC(=O)O[C@H]1C[C@@H](C)CC[C@@H]1C(C)C
2-(1H-indol-3-yl)acetaldehyde,2591-98-2,800,C1=CC=C2C(=C1)C(=CN2)CC=O
Ethyl 3-(4-methoxyphenyl)prop-2-enoate,1929-30-2,74728,O=C(OCC)C=CC1=CC=C(OC)C=C1
Phenethyl valerate,7460-74-4,81964,CCCCC(=O)OCCC1=CC=CC=C1
"6,7-Dimethoxy-2H-1,3-benzodioxole-4-carbaldehyde",23731-66-0,13250354,COC1=C(C2=C(C(=C1)C=O)OCO2)OC
Methyl 9-oxononanoate,1931-63-1,74732,COC(=O)CCCCCCCC=O
"3-N-Butyl-4,5-dihydrophthalide",62006-39-7,173843,O=C1OC(C2=C1C=CCC2)CCCC
"1,3-Benzodioxole-5-carboxaldehyde, 6,7-dimethoxy-",23731-65-9,185549,COC1=C(C2=C(C=C1C=O)OCO2)OC
2-Methyltryptoline,13100-00-0,121896,CN1CCC2=C(C1)NC3=CC=CC=C23
3-Acetoxyindole,608-08-2,11841,CC(=O)OC1=CNC2=CC=CC=C21
Nagilactone D,19891-53-3,3084330,CCC1=C2C[C@@H]3[C@H]4[C@]([C@H]([C@@H]5[C@H]([C@@]4(C2=CC(=O)O1)C)O5)O)(C(=O)O3)C
Haplophyllidine,18063-21-3,442910,CC(=CC[C@@]1([C@@H](CCC2=C1N=C3C(=C2OC)C=CO3)O)OC)C
Isopropyl 3-phenylpropionate,22767-95-9,347496,CC(C)OC(=O)CCC1=CC=CC=C1
"[1,3]Dioxolo[4,5-g]isoquinoline",269-44-3,12716712,C1OC2=C(O1)C=C3C=NC=CC3=C2
6-methoxy-2H-chromene,18385-84-7,29052,COC1=CC2=C(C=C1)OCC=C2
"Methyl 2,2-dimethylchromene-6-carboxylate",34818-57-0,5316881,CC1(C=CC2=C(O1)C=CC(=C2)C(=O)OC)C
Senkyunolide A,63038-10-8,3085257,CCCC[C@H]1C2=C(C=CCC2)C(=O)O1
Eugenyl isovalerate,61114-24-7,3085213,CC(C)CC(=O)OC1=C(C=C(C=C1)CC=C)OC
1-Methoxyhexane-3-thiol,94291-50-6,3024273,CCCC(CCOC)S
N-Methylhomoveratrylamine,3490-06-0,77039,CNCCC1=CC(=C(C=C1)OC)OC
Anhalonine,519-04-0,520752,CC1C2=C3C(=C(C=C2CCN1)OC)OCO3
4-Allylphenyl acetate,61499-22-7,523825,CC(=O)OC1=CC=C(C=C1)CC=C
"2(1H)-Quinolinone, 6-hydroxy-4-methoxy-1-methyl-",81943-13-7,158015,CN1C2=C(C=C(C=C2)O)C(=CC1=O)OC
"N,N-dimethyl-2-(3,4,5-trimethoxyphenyl)ethanamine",54547-01-2,420418,CN(C)CCC1=CC(=C(C(=C1)OC)OC)OC
"Propanoic acid, 2-[bis(2,2,2-trifluoroethoxy)phosphinyl]-, methyl ester",88738-84-5,11024057,O=C(OC)C(C)P(=O)(OCC(F)(F)F)OCC(F)(F)F
"1-Allyl-2,4-dimethoxybenzene",3698-23-5,3083821,COC1=CC(=C(C=C1)CC=C)OC
Quinazoline,253-82-7,9210,C1=CC=C2C(=C1)C=NC=N2
2-Methoxyethyl phenyl ether,41532-81-4,96375,O(C=1C=CC=CC1)CCOC
Echinopsine,83-54-5,6748,CN1C=CC(=O)C2=CC=CC=C21
2-Methylbutyl hexanoate,2601-13-0,102855,O=C(OCC(C)CC)CCCCC
3-Methylbutyl hexanoate,2198-61-0,16617,CCCCCC(=O)OCCC(C)C
2-Acetamidophenol,614-80-2,11972,CC(=O)NC1=CC=CC=C1O
2-Methylthiophene,554-14-3,11126,CC1=CC=CS1
Ethyl 4-ethoxybenzoate,23676-09-7,90232,CCOC1=CC=C(C=C1)C(=O)OCC
Methyl propyl sulfide,3877-15-4,19754,CCCSC
Hexyl 2-methylbutanoate,10032-15-2,24838,CCCCCCOC(=O)C(C)CC
Seneciphylline,480-81-9,5281750,C/C=C\1/CC(=C)[C@@](C(=O)OCC2=CCN3[C@H]2[C@@H](CC3)OC1=O)(C)O
3-{3-Methoxy-4-[(3-methylbut-2-en-1-yl)oxy]phenyl}prop-2-en-1-ol,189040-42-4,71348275,OCC=CC1=CC=C(OCC=C(C)C)C(OC)=C1
Securinine,5610-40-2,442872,C1CCN2[C@H](C1)[C@]34C[C@H]2C=CC3=CC(=O)O4
Virosecurinin,6704-68-3,928095,O=C1C=C2C=C[C@H]3C[C@]2(O1)[C@@H]1CCCCN13
"3,4-Dimethoxybenzaldehyde",120-14-9,8419,COC1=C(C=C(C=C1)C=O)OC
Pyrocoll,484-73-1,10241527,O=C1C2=CC=CN2C(=O)C3=CC=CN13
4-Methoxybenzaldehyde,123-11-5,31244,COC1=CC=C(C=C1)C=O
Piperonal,120-57-0,8438,C1OC2=C(O1)C=C(C=C2)C=O
"6,7-Dimethoxy-3,4-dihydroisoquinoline",3382-18-1,30058,COC1=C(C=C2C=NCCC2=C1)OC
8-[(2S)-2-Hydroperoxy-3-methyl-3-buten-1-yl]-7-methoxy-2H-1-benzopyran-2-one,109741-39-1,13917395,C=C(C)[C@H](Cc1c(OC)ccc2ccc(=O)oc12)OO
"2-Butenoic acid, 3-methyl-, phenylmethyl ester",37526-89-9,162264,O=C(OCC=1C=CC=CC1)C=C(C)C
4-Isopropylbenzyl acetate,59230-57-8,100990,CC(=O)OCc1ccc(C(C)C)cc1
N-Methyl-3-aminomethylindole,36284-95-4,96388,CNCC1=CNC2=CC=CC=C21
Butyl benzoate,136-60-7,8698,CCCCOC(=O)C1=CC=CC=C1
"8-Methoxy-6,7-methylenedioxycoumarin",81558-03-4,13704005,O=C1OC=2C(OC)=C3OCOC3=CC2C=C1
"4-Acetoxy-3,5-dimethoxybenzaldehyde",53669-33-3,688189,CC(=O)OC1=C(C=C(C=C1OC)C=O)OC
"5,7-Dimethoxycoumarin",487-06-9,2775,COC1=CC(=C2C=CC(=O)OC2=C1)OC
"8H-1,3-Dioxolo[4,5-h][1]benzopyran-8-one",4361-93-7,13704003,O=C1OC=2C=3OCOC3C=CC2C=C1
5-Methylquinoxaline,13708-12-8,61670,CC1=C2C(=CC=C1)N=CC=N2
"(2S,3R)-2-[(E)-hept-1-en-3,5-diynyl]oxan-3-ol",2294-61-3,5281151,CC#CC#C/C=C/[C@H]1[C@@H](CCCO1)O
2-Cyclopropylthiophene,29481-22-9,580132,C1CC1C2=CC=CS2
"3-Methylbut-2-en-1-yl 3,4-dimethoxybenzoate",66067-30-9,15127823,O=C(OCC=C(C)C)C1=CC=C(OC)C(OC)=C1
Isohymenolide,109008-37-9,15241010,C=C1C(=O)O[C@@H]2C[C@@H](C)[C@@H]3C[C@H](OCC)O[C@@H](O)[C@@]3(C)C[C@H]12
Allyl octanoate,4230-97-1,20219,CCCCCCCC(=O)OCC=C
1-Hexylallyl acetate,31795-37-6,169364,O=C(OC(C=C)CCCCCC)C
1'-Acetoxyeugenol acetate,53890-24-7,4484222,O=C(OC1=CC=C(C=C1OC)C(OC(=O)C)C=C)C
2-Methylbenzoxazole,95-21-6,7225,CC1=NC2=CC=CC=C2O1
6-Formyl-7-methoxycoumarin,4444-74-0,160756,COC1=C(C=C2C=CC(=O)OC2=C1)C=O
4-Hydroxyquinoline,611-36-9,69141,C1=CC=C2C(=C1)C(=O)C=CN2
3-Hydroxy-5-methoxybenzaldehyde,57179-35-8,5314561,COC1=CC(=CC(=C1)O)C=O
"1-(1,3-Benzodioxol-5-yl)-3-(1-piperidinyl)-1-propanone",30418-51-0,147354,C1CCN(CC1)CCC(=O)C2=CC3=C(C=C2)OCO3
"2-Propenoic acid, 3-phenyl-, methyl ester",103-26-4,7644,COC(=O)C=CC1=CC=CC=C1
"6-(2H-1,3-Benzodioxol-5-yl)-4-methoxy-2H-pyran-2-one",6969-80-8,249889,COC1=CC(=O)OC(=C1)C2=CC3=C(C=C2)OCO3
"5-Ethenyl-4,6-dimethoxy-2H-1,3-benzodioxole",79553-88-1,71401526,COC1=C(C(=C2C(=C1)OCO2)OC)C=C
"3,5-Dimethoxybenzaldehyde",7311-34-4,81747,O=Cc1cc(OC)cc(OC)c1
Butylphthalide,6066-49-5,61361,CCCCC1C2=CC=CC=C2C(=O)O1
8-Methoxycoumarin,2445-81-0,520130,COC1=CC=CC2=C1OC(=O)C=C2
"1,1-Dimethyl-3-phenylpropyl acetate",103-07-1,7633,CC(=O)OC(C)(C)CCC1=CC=CC=C1
Prenyl benzoate,5205-11-8,21265,CC(=CCOC(=O)C1=CC=CC=C1)C
(3S)-Butylphthalide,3413-15-8,11116832,CCCC[C@H]1C2=CC=CC=C2C(=O)O1
Convolamine,500-56-1,420422,CN1C2C[C@@H](CC1CC2)OC(=O)C3=CC(=C(C=C3)OC)OC
Tryptoline,16502-01-5,107838,C1CNCC2=C1C3=CC=CC=C3N2
"N,N-Dimethylhomoveratrylamine",3490-05-9,355506,CN(C)CCC1=CC(=C(C=C1)OC)OC
Ayapin,494-56-4,3083597,C1OC2=C(O1)C=C3C(=C2)C=CC(=O)O3
Ethyleugenol,74368-00-6,6429690,O(C1=CC(=CC=C1OCC)CC=C)C
Aflatoxin G2,7241-98-7,2724362,COC1=C2C3=C(C(=O)OCC3)C(=O)OC2=C4[C@@H]5CCO[C@@H]5OC4=C1
"6,7-Dimethoxy-1-methyl-3,4-dihydroisoquinoline",4721-98-6,22652,CC1=NCCC2=CC(=C(C=C12)OC)OC
"2,3-Dihydrobenzofuran",496-16-2,10329,C1CC2=CC=CC=C2O1
"Methyl 3-(1,3-benzodioxol-5-yl)acrylate",16386-34-8,736822,O=C(OC)C=CC1=CC=C2OCOC2=C1
Elaeocarpine,30891-89-5,280286,O=C1C=2C(OC3CCN4CCCC4C13)=CC=CC2C
Helipyrone,29902-01-0,54709865,O=C1OC(=C(C(O)=C1CC=2C(=O)OC(=C(C2O)C)CC)C)CC
Geijerin,450-16-8,235195,CC(C)CC(=O)C1=C(C=C2C(=C1)C=CC(=O)O2)OC
Coumarin,91-64-5,323,C1=CC=C2C(=C1)C=CC(=O)O2
Bucharaine,21059-47-2,5338262,C/C(=C\COC1=CC(=O)NC2=CC=CC=C21)/CCC(C(C)(C)O)O
"7,8-Dimethoxyisoquinoline",16503-95-0,177753,N=1C=CC2=CC=C(OC)C(OC)=C2C1
Benzoxazole,273-53-0,9228,C1=CC=C2C(=C1)N=CO2
N-Acetyl-5-hydroxytryptamine,1210-83-9,903,CC(=O)NCCC1=CNC2=C1C=C(C=C2)O
(1-methoxy-9H-carbazol-3-yl)methanol,3909-78-2,375152,OCC=1C=C(OC)C=2NC=3C=CC=CC3C2C1
"2-Butenoic acid, 3-methyl-, 2-phenylethyl ester",42078-65-9,61997,CC(=CC(=O)OCCC1=CC=CC=C1)C
Pentyl benzoate,2049-96-9,16296,CCCCCOC(=O)C1=CC=CC=C1
Oxacyclotetradecan-2-one,1725-04-8,15596,C1CCCCCCOC(=O)CCCCC1
(+)-Elaeocarpine,30891-90-8,442854,CC1=C2C(=CC=C1)O[C@@H]3CCN4CCC[C@@H]4[C@H]3C2=O
Hinokitiol,499-44-5,3611,CC(C)C1=CC=CC(=O)C(O)=C1
Pabulenol,33889-70-2,3009225,CC(=C)[C@@H](COC1=C2C=CC(=O)OC2=CC3=C1C=CO3)O
Pangelin,33783-80-1,44144315,C=C(C)[C@@H](O)COc1c2ccoc2cc2oc(=O)ccc12
"6,7-Dimethoxy-4-methylcoumarin",4281-40-7,77966,CC1=CC(=O)OC2=CC(=C(C=C12)OC)OC
Isogosferol,53319-52-1,148619,O=C1OC2=C(OCC(O)C(=C)C)C=3OC=CC3C=C2C=C1
Isocoumarin,491-31-6,68108,C1=CC=C2C(=C1)C=COC2=O
Palmitoylethanolamide,544-31-0,4671,CCCCCCCCCCCCCCCC(=O)NCCO
"4-Methoxy-6-(4-methoxy-2H-1,3-benzodioxol-5-yl)-2H-pyran-2-one",89648-65-7,71325433,COC1=CC(=O)OC(=C1)C2=C(C3=C(C=C2)OCO3)OC
Isoeugenol acetate,93-29-8,7137,O=C(OC1=CC=C(C=CC)C=C1OC)C
"6,7-Dimethoxy-1-methylisoquinoline",4594-02-9,20725,CC1=NC=CC2=CC(=C(C=C12)OC)OC
2-Methylbenzaldehyde,529-20-4,10722,CC1=CC=CC=C1C=O
3-Phenylpropanal,104-53-0,7707,C1=CC=C(C=C1)CCC=O
Vitispirane,65416-59-3,6450832,O1C(C)CCC12C(=C)C=CCC2(C)C
"6,7-Dimethoxy-1-methyl-1,2,3,4-tetrahydroisoquinoline",38520-68-2,10302,CC1C2=CC(=C(C=C2CCN1)OC)OC
Salsolidine,493-48-1,164752,C[C@H]1C2=CC(=C(C=C2CCN1)OC)OC
Hexyl salicylate,6259-76-3,22629,CCCCCCOC(=O)C1=CC=CC=C1O
(+)-Carnegine,51745-28-9,821487,C[C@@H]1C2=CC(=C(C=C2CCN1C)OC)OC
(+-)-Carnegine,38221-25-9,442186,C[C@H]1C2=CC(=C(C=C2CCN1C)OC)OC
"1,4-Benzodioxin-2(3H)-one, 6,8-dimethoxy-3-(1-methylethylidene)-",80453-42-5,157649,CC(=C1C(=O)OC2=C(O1)C=C(C=C2OC)OC)C
"1H,2H,3H,4H,9H-Pyrido[3,4-B]indol-5-OL",83789-01-9,10375218,C1CNCC2=C1C3=C(N2)C=CC=C3O
N-[(4-hydroxy-3-methoxyphenyl)methyl]octanamide,58493-47-3,5316427,OC1=CC=C(C=C1OC)CN=C(O)CCCCCCC
Colfosceril palmitate,63-89-8,452110,CCCCCCCCCCCCCCCC(=O)OC[C@H](COP(=O)([O-])OCC[N+](C)(C)C)OC(=O)CCCCCCCCCCCCCCC
Benzyl 2-hydroxy-6-methoxybenzoate,24474-71-3,6430728,COc1cccc(O)c1C(=O)OCc1ccccc1
"4,7-Dimethoxy-5-(1-propenyl)-1,3-benzodioxol",17672-88-7,53397165,O(C=1C=C(C=CC)C(OC)=C2OCOC12)C
"4,5-dimethoxy-6-(prop-1-en-1-yl)-2H-1,3-benzodioxole",23731-63-7,53397162,O(C1=C(OC)C(C=CC)=CC=2OCOC21)C
Benzyl salicylate,118-58-1,8363,C1=CC=C(C=C1)COC(=O)C2=CC=CC=C2O
